,username,in_reply_to_screen_name,type
0,TAMU,382,I
781,tamustuact,2,I
783,TAMUGeosciences,2,I
828,AggieAshley,2,I
849,TAMUDSA,2,I
850,TAMU_Biology,2,I
1219,DZAggiegal,1,I
1250,aggieteach03,1,I
1263,tamu_justin1914,1,I
1332,tamuweather,1,I
1398,aggieshell92,1,I
1407,aggiephotogs,1,I
1426,tamuansc,1,I
1468,CEOTAMUChapter,1,I
1495,tamusuperfund,1,I
738,texaggie09,2,I
1542,aggieluvbug,1,I
1609,aggiefblife,1,I
1615,CRDLLA_TAMU,1,I
1631,tamu_bsyb,1,I
1653,The12thCanTAMU,1,I
1664,tamuwc,1,I
1665,Clear_TAMU,1,I
1666,TAMU_SAAHE,1,I
1672,JArnoldTAMU85,1,I
1712,TAMU_PEAP,1,I
1713,tamu_tlac,1,I
1715,TAMUEAHR,1,I
1759,JobsforAggies,1,I
1762,AggieZach10,1,I
1763,aggie_love08,1,I
1597,tamucdd,1,I
714,tamu_sga,2,I
698,hireaggies,2,I
695,aggiejournalist,2,I
282,FishCampTAMU,3,I
286,Mattietheaggie,3,I
300,tamu_sbp,3,I
330,AggieSTEM,3,I
336,TAMUWRC,3,I
371,astro_aggie,2,I
381,tamusfaid,2,I
390,emmonsaggie,2,I
413,historyTAMU,2,I
415,TheEnglishAggie,2,I
433,tamucarpool,2,I
467,TAMUCristie,2,I
468,TAMUC_COSE,2,I
507,AggieDiversity,2,I
539,TAMUVMTH,2,I
543,ArmchairTAMU,2,I
545,iTP3_TAMU,2,I
679,Aggiebound,2,I
658,AggieStudents,2,I
655,AggieMuster,2,I
653,reedaggie05,2,I
648,tamuRingDance,2,I
640,TAMU_ATC,2,I
1783,HBLtamu,1,I
615,2024aggies,2,I
604,gregorytamu2020,2,I
587,TAMUBookstore,2,I
573,aggielandmeme,2,I
560,JermTheAggie,2,I
552,TAMU_ASA,2,I
549,TAMU_CAPS,2,I
613,TAMU_1988,2,I
1829,aggieEthanpark1,1,I
1843,tamuundergrads,1,I
1878,aggiecyclone08,1,I
2714,SanDiegoAggies,1,I
2716,friscoaggies,1,I
2717,SoCalAggies,1,I
2738,ComalAggies,1,I
2739,NETCAggies,1,I
2740,DallasAggies,1,I
2750,SaltyAggies,1,I
2764,DCAggies,1,I
2766,EllisAggiesClub,1,I
2770,mcaggies,1,I
2841,TAMUabroad,1,I
2865,AggieEquestrian,1,I
2908,BigAggieRing,1,I
2956,dannytamucc,1,I
2957,ATCaggie,1,I
2967,Aggie_Njnear,1,I
2968,hood_co_aggies,1,I
3313,AggieMTEN,1,I
3306,AggieExplorer,1,I
3288,TravelingAggies,1,I
3255,AggiesRevenge,1,I
3237,tamuepsy,1,I
3230,tamuarabs,1,I
2713,NewYorkAggies,1,I
3224,aggiejoe10,1,I
3135,TAMUgardens,1,I
3125,OutlawAggie,1,I
3076,TAMUPhysicsFest,1,I
3074,AggieBear90,1,I
3026,aggiemd91,1,I
2987,atxaggie07,1,I
3177,pre_aggie15,1,I
273,aggiewomensgolf,3,I
2689,TAMUequipment,1,I
2611,TAMUCOSC,1,I
1898,TamuABMC,1,I
1913,aggiegrad03,1,I
2015,v2aggie2,1,I
2099,DALaggielawyer,1,I
2138,TAMULawCSO,1,I
2162,AggieWHarris,1,I
2167,GJGarciaTAMU,1,I
2174,TAMUOSS,1,I
2202,TAMUclip,1,I
2209,TAMULawFS,1,I
2235,TAMUCT,1,I
2244,tamucc_cose,1,I
2253,texasaggierodeo,1,I
2264,AggieBatman,1,I
2293,wtamu,1,I
2297,TAMUTexarkana,1,I
2312,FutureAggieRN,1,I
2609,aggiefamily02,1,I
2606,tamu_cali,1,I
2595,MyAggieRing,1,I
2573,Aggie72BQ,1,I
2560,tamubaen,1,I
2558,TAMU_UGR,1,I
2645,AggieRabbi,1,I
2556,tamuicehockey,1,I
2510,natalietamu15,1,I
2496,tamudesign,1,I
2483,aggieprez,1,I
2441,HinojosaAggie09,1,I
2382,TAMU_SHS,1,I
2358,TAMUCVEN,1,I
2554,SustainableTAMU,1,I
269,vizlabTAMU,3,I
1657,TAMUGreenDot,1,I
3326,TAMUNAACP,1,I
18,tamuvetmed,20,I
87,AggieNetworkAmb,5,I
15,AggieWBB,23,I
96,AggieMensGolf,5,I
106,the_good_aggie,5,I
108,AggiesByTheSea,5,I
146,TAMULawACS,4,I
13,aggieachieve,29,I
208,carolinaaggie12,3,I
12,TAMUPolice,41,I
83,AggieVP,6,I
11,TAMUHealth,47,I
218,AggieDining,3,I
227,aggiembk,3,I
9,TAMUnursing,93,I
137,TAMUVET1,4,I
136,NSFPtamu,4,I
133,AggieSwimDive,4,I
231,AggieGossip,3,I
112,TAMU_Honors,5,I
234,TTITAMU,3,I
8,TAMUBGSA,95,I
10,TAMU_SPH,60,I
19,TAMU_OCSS,19,I
20,TAMUmedicine,18,I
79,txaggie_2011,6,I
57,TAMU_SPMT,7,I
59,AggieSoftball,7,I
61,TAMUARCH,7,I
41,TAMUQ,8,I
40,AggieBaseball,8,I
39,AggieWTEN,8,I
63,AggieCorps,7,I
35,Aggie_GR,9,I
31,TAMUpharmacy,10,I
29,aggietfxc,10,I
28,TAMULawSchool,10,I
27,TAMUEngineering,11,I
26,AggieVolleyball,11,I
163,tamusportclubs,4,I
64,hlkn_tamu,6,I
162,TAMUSanAntonio,4,I
169,tamuHRRC,4,I
171,TAMUCommandant,4,I
24,tamulgbtq,12,I
68,TAMUScience,6,I
71,TAMU_HP,6,I
72,TAMUdental,6,I
178,AggieSoccer,4,I
7,tamusystem,122,I
6,tamustudentlife,128,I
93,TAMU_Law_Review,5,I
248,TAMU_Reveille,3,I
242,TAMULiberalArts,3,I
116,ArmyAggie03,5,I
118,fortworthaggies,5,I
2,AggieNetwork,317,I
245,TAMUyell,3,I
124,TAMUYoungAlumni,5,I
1,AggieFootball,330,I
3,cehdtamu,207,I
2407,jonmccullough24,1,P
2406,maisiemac03,1,P
2405,jessica_0188,1,P
2403,juliarose112,1,P
2402,KuehnKyle22,1,P
2396,crystal_marie73,1,P
2397,adra_m22,1,P
2395,HLPayne_23,1,P
2394,vanegee26,1,P
2393,brittannyyy17,1,P
2392,e_lizabeth_anne,1,P
2390,Steph_162,1,P
2389,morganp1216,1,P
2401,nicole_jones3,1,P
2410,Ted_Vierling,1,P
114,bitter_sky,5,P
2386,nece1228,1,P
2446,Emma5764,1,P
2443,__dianita___,1,P
2442,andersongt08,1,P
1830,DillonEdge1,1,P
2439,MrsPitcel_KPHS,1,P
2435,greatbrit18,1,P
2433,amy_mikahiel,1,P
2431,50ShadesOfGen_,1,P
2413,tymad7,1,P
2429,ducks_go_quack_,1,P
2427,savy_garza,1,P
2426,jane_mcook,1,P
2425,jared_adk,1,P
2422,Greyson_C4,1,P
2420,lisa756craig,1,P
2417,cgarci_,1,P
2416,6944gj,1,P
2415,whitneywags_,1,P
2428,duct_tape_scars,1,P
2414,landon_harrell,1,P
2384,Gerardo_Vill,1,P
66,_jules2020,6,P
2334,carfar5,1,P
2329,jacobtr_n,1,P
2326,caitlynmassey_,1,P
2323,chris__kaiser,1,P
2320,brand_i13,1,P
2319,CajunQueen44,1,P
2314,mina_mmou,1,P
2313,blumenthal_zoe,1,P
2339,MCPIE17,1,P
1835,tristen_faith,1,P
2301,lsanchez865,1,P
2298,Tarleton_COGS,1,P
1841,garrison_1024,1,P
2296,KRIS6News,1,P
75,Samuel_Lerman,6,P
2291,J0SUEBELL0,1,P
2290,kenzie_colston,1,P
2285,TSC_Scorpions,1,P
2305,DiegoM1228,1,P
2340,sanketsir10,1,P
2342,weston_cindy,1,P
2344,luiz_sayha,1,P
2381,WeDoRecover24_7,1,P
2378,Proof_Alliance,1,P
2376,Defeat_Sadness,1,P
2374,giovani_escalon,1,P
2372,analisa_garza,1,P
2371,connor_254,1,P
2369,MrsWilkins9,1,P
1831,F_dhahi,1,P
2368,The_PW_Lab,1,P
2365,American_Heart,1,P
2361,kyleewylie_,1,P
2360,politicalthot1,1,P
2359,audrey_mar97,1,P
1833,mikaylagrace00,1,P
2356,SMART_MD,1,P
2352,langnick02,1,P
2351,dom_solo,1,P
2347,Downtown_Bryan,1,P
2345,Mariano37736817,1,P
2383,Harris_Gardens,1,P
1827,jeridonna23,1,P
2447,MamaLou68,1,P
2450,PaolaBaaby_,1,P
2551,hung41838203,1,P
2550,CCPH_News,1,P
2547,nature_org,1,P
2546,meshal504444,1,P
2544,QHS2021,1,P
2540,_mayaa_12,1,P
2539,colby_see01,1,P
2538,josemoralesv_,1,P
2552,Ronney_Stadler,1,P
2536,RaulAlv8,1,P
2533,drewromero_42,1,P
2532,IshitaChandel1,1,P
2529,rudee_v,1,P
2527,Maev_Cleric,1,P
2524,aaron_briones13,1,P
2522,AaronMacias1,1,P
2519,vvelazquez02,1,P
2518,bkanning2,1,P
2534,3DayMom,1,P
58,susie_hatfield,7,P
1816,patrick_despain,1,P
56,Prof_Holland,7,P
2593,Qwoobie101,1,P
2591,The_Hugo_Black,1,P
2587,alexis_sample15,1,P
2582,Austin_Ford,1,P
2580,CassidyRegan99,1,P
2579,LindaStafford67,1,P
2578,StefNikiRey83,1,P
2577,sean_nimmons,1,P
2575,sarahakhtar_,1,P
2574,Valen_cepak,1,P
53,keeg_u_9,7,P
2572,caford98,1,P
2570,madisontayler_,1,P
2569,Gabbs1120,1,P
2568,pulki_bushu,1,P
2564,WyattShanks1,1,P
2563,cantukatherine4,1,P
54,anp16,7,P
2559,danilaserra_eco,1,P
2517,anadaze_,1,P
2515,Binxsss_,1,P
2513,deh061,1,P
2511,KatieSue1926,1,P
2475,atx1029,1,P
2473,emilyflores0,1,P
2471,PattyMichelle00,1,P
2469,rlmilton1,1,P
2468,audrey_thelen,1,P
2464,evam39968855,1,P
1822,MelissaEsc15,1,P
2462,aphenley02,1,P
1823,arianaelena97,1,P
2461,ChrisMtz_16,1,P
2460,CT_Taylor07,1,P
2459,aarenp24,1,P
2458,lizbethrobles__,1,P
1824,_colemannn,1,P
2455,careni30,1,P
2454,adrianamrtnz25,1,P
2453,britthayden18,1,P
2452,lil_drumer_boi,1,P
2451,katiegarcia2018,1,P
2476,jensa98,1,P
2283,JourneymanUSA1,1,P
2477,Bracci0,1,P
2480,colehbrantley1,1,P
1817,jazmine1011,1,P
2509,leray_havard,1,P
2508,katienicks_,1,P
2507,Pastor_Shorter,1,P
2505,tornado_alli_,1,P
2502,Mattdog1213,1,P
2497,75Chaney,1,P
1818,XOTWODchris_,1,P
2495,AmberKay09,1,P
2493,jreinbolt99,1,P
2490,_amandacw_,1,P
2489,alehus_,1,P
2488,boom_yea,1,P
2487,cryslay13,1,P
1819,TexAg09,1,P
1820,EBohrnstedt98,1,P
2485,sam_snideman,1,P
1821,3l15e,1,P
2481,jami_respondek,1,P
2478,slygirl214,1,P
1842,EricV_23,1,P
2282,Blinn_Hensley,1,P
2278,msheppard1968,1,P
1862,Hunter34347,1,P
1986,cody_fowler4,1,P
1985,txag2k,1,P
1863,BlueTeam02,1,P
1984,cc_ashleylucio,1,P
1983,SamGarcia531,1,P
1981,mulley0731,1,P
1976,Saidee97,1,P
1990,izzyjacobs13,1,P
1975,KCates96,1,P
1973,sarahpug101,1,P
1971,nathalee_lesly,1,P
1968,bennett_gierk22,1,P
1967,wolfie_c4,1,P
1966,laurenkizer_,1,P
1964,Lucky_Krypto,1,P
1960,The_CoSMo_,1,P
1958,c_smith3434,1,P
1974,catsy_cline,1,P
1991,the_ben_woolley,1,P
1992,EthanVelasquez5,1,P
1993,rubyysapp13,1,P
2028,yaaasmine___,1,P
2022,RussellEvans_NB,1,P
2021,xela_kcaj_,1,P
2020,etylerb11,1,P
2018,KingMarteen69,1,P
110,AngelinaDawn049,5,P
2014,Lauren_Obe,1,P
2012,Sir_RossTarhini,1,P
2011,yazminosoria_,1,P
2008,yourstruly_yuli,1,P
2007,Hannah0926Paige,1,P
2006,igon57,1,P
2004,its_amayzing,1,P
2003,larson_annika,1,P
2002,Ugly__antho,1,P
2000,leyo_em,1,P
1860,angelaburr88,1,P
1999,Gabriel_Matos22,1,P
1996,TheRealDM01,1,P
1957,_QueenAileen,1,P
2031,MEM_marsh,1,P
1956,c0narissocial,1,P
1950,dianamedi08,1,P
1905,derekgreen94,1,P
1903,MikeEvans13_,1,P
1899,Br_15900773230,1,P
1871,saaammy_rdz,1,P
1896,mayaizellah_,1,P
1894,noah_madrigal,1,P
1872,Mandii__r,1,P
1893,spanisheyes519,1,P
1909,Cthulhu_Sec,1,P
1891,avid_khs,1,P
1889,addie82730304,1,P
1874,_MiguelSoto_,1,P
1888,wut_the_mel,1,P
1876,brownkarebear28,1,P
1886,annaalvarezz_,1,P
1884,Ameliaaaaaa11,1,P
1881,reanna_santos,1,P
1880,bonitafab_,1,P
1890,m_guevaraa,1,P
1910,accelerate2021,1,P
1870,maddogr99,1,P
111,KodyWest_,5,P
1946,kvillegas74,1,P
1944,DavidG57441,1,P
1942,twcago2college,1,P
1936,Trevino810Jon,1,P
1935,patrickrcarp11,1,P
1864,SharonP61295586,1,P
1932,Yazmeen___,1,P
1865,hharpold2,1,P
1931,_dbhoy,1,P
1920,rolerdo99,1,P
1866,DustinGoodman10,1,P
1868,hovey42,1,P
1919,edithfer20,1,P
1918,SGirvin_DSSE,1,P
1917,AlexMill20,1,P
1916,gmonique_,1,P
1869,TXAGZ16,1,P
1915,cristinac1218,1,P
1914,va_spurs_va,1,P
1954,hkmass4902,1,P
2034,EvanRandazzo_,1,P
2035,elis_lef2001,1,P
2038,tob1kage,1,P
2211,jaclyn_wise_r,1,P
2594,LanaN_Miller,1,P
2201,oraliamaria_,1,P
2195,5thCircAppeals,1,P
2193,pms777law,1,P
2192,DREW3301,1,P
2190,brent_dore,1,P
2186,UTA_PRELAW,1,P
2212,CTL_tx,1,P
2183,SAL_FW,1,P
2180,mikeyheath12,1,P
2177,Tina_BWeaver,1,P
1854,allisonvk_5,1,P
2172,legal_lauren,1,P
2171,TyraWri65111330,1,P
2169,JPMendez76,1,P
2168,vstrickland20,1,P
101,KLWall88,5,P
1850,TVDaddiction99,1,P
2216,MichaelZGreen1,1,P
2218,had515,1,P
1848,Blaise66405653,1,P
2272,Chuy_Vuitton,1,P
2271,Blackstock360,1,P
2268,tdgrimm1999,1,P
2265,Only1sheleah,1,P
77,carrie_byington,6,P
2256,april_justice,1,P
2254,awkward_vanessa,1,P
115,BobbiW929,5,P
2248,NYPD20Pct,1,P
80,LEMiller16,6,P
2239,xav_walk,1,P
2238,GaryWestbrook13,1,P
1844,ConnerLeffel25,1,P
1845,tosh6048,1,P
1847,its_kelcey,1,P
2229,makayla445,1,P
2226,jimag83,1,P
2224,SGC_Law,1,P
2221,greatjoe01,1,P
2163,walker_schmidt,1,P
105,zachydg_,5,P
2157,bdonta95,1,P
2152,jamesalazar97,1,P
2067,georgia_2021_,1,P
2066,hgrace_2019,1,P
2064,joser182,1,P
2063,KC_Hino,1,P
2060,DJBarrera20,1,P
2059,Charles_Lee22,1,P
2057,amy2000john,1,P
2052,ximena_marlenne,1,P
2051,Adriannac212,1,P
2050,BenitezO464,1,P
2046,Jenkins16Faith,1,P
2045,stretch_lex,1,P
1856,KenyaJR4,1,P
1857,Gunnar_Baker_,1,P
1858,Lorena51374356,1,P
1859,ShivPat34722815,1,P
2042,DoubleO7akaTheC,1,P
2041,reagan_alston,1,P
2039,CheekyLizz27,1,P
2073,b0yle,1,P
1879,cliff_hogg,1,P
2077,ldav14,1,P
2082,n0uwy,1,P
2149,nikki_atx,1,P
2141,5Year_Senior14,1,P
2140,tmj3232,1,P
1855,jakereynolds22,1,P
2135,sweetlou462,1,P
2134,blaise1w,1,P
2132,FOX4,1,P
2131,katied3316,1,P
2127,cmfoodietruck1,1,P
2123,S_D_H13,1,P
2122,juliabradley26,1,P
2121,Li_Claire17,1,P
2119,ginaz1207,1,P
2114,Hayden_Wesley,1,P
2112,roryhogan11,1,P
2105,danijo7,1,P
2095,Stephbrad07,1,P
2085,SaraCoats_,1,P
2084,jobs4DFW,1,P
2078,TouroLaw_OSS,1,P
49,albert_signs,7,P
2637,kara_grace15,1,P
2605,Annie_Andersen,1,P
3096,iv_muller,1,P
3095,clare_sm,1,P
3091,gator_potato,1,P
3090,hflo24,1,P
3089,jasmine_mcco,1,P
3088,BradyAllen25,1,P
3086,emilyholter4,1,P
3083,allterzis232,1,P
3082,BelarminoT21,1,P
3081,_Patonto,1,P
3073,Alison_theBSide,1,P
3072,Messina_Hof,1,P
3071,gabbaaayy11,1,P
3068,Johnny_Mayson,1,P
3066,_kassandra3,1,P
3064,august_marie2,1,P
3063,C00PER_PHILLIPS,1,P
3060,adri_lopezzz,1,P
3057,SReyna44101753,1,P
3097,Poprocks0,1,P
3098,jomoody23,1,P
3099,peyton__10,1,P
3100,Thejohnster95,1,P
3141,munderhill21,1,P
3140,_n8thon,1,P
3139,k_r_spencer,1,P
3137,jewels1009,1,P
3136,jas_berganza,1,P
3134,kyliechapa13,1,P
3133,Bee_johnson99,1,P
3132,eawagnon1,1,P
3131,bigb_1098,1,P
3056,abby_8514,1,P
3130,megscott3013,1,P
3121,ericstein09,1,P
3120,caleighgee10,1,P
3119,bobby__chambers,1,P
3118,saam_shi,1,P
3110,27Dobbs,1,P
3107,nikkorod10,1,P
3106,Taylorwithan_A,1,P
3104,hannah_junebug,1,P
3102,k_fazzino,1,P
3126,tigermom48,1,P
3054,JyotiSharma3530,1,P
3053,JAScasta11,1,P
3052,SethMontandon1,1,P
3007,gig_me_william,1,P
3005,DelgadoMo59,1,P
3003,rebeccaaa23,1,P
3001,Nurly13,1,P
3000,joshua_rohloff,1,P
2998,STACY01304480,1,P
2997,Kirstin_Burnett,1,P
2996,Esirius2014,1,P
2994,dan_biles,1,P
3008,brehern96,1,P
2993,JustinGraef12,1,P
2991,JD3Thousand,1,P
2986,jimenarod5,1,P
2985,iSteph97,1,P
2984,AgRiley79,1,P
2983,cinco_simpson,1,P
2981,samilam4239,1,P
2980,mamared82,1,P
2979,AMcClain98,1,P
2977,not_that_eric,1,P
2992,melissajewel_3,1,P
3147,tschoonmaker98,1,P
3011,saraha_B75,1,P
3015,rmullen29,1,P
3051,skh21,1,P
3050,OldMan_Bert,1,P
3049,A__Mercado,1,P
3048,JacobNorwood_,1,P
3047,Aaron_D_Rose,1,P
3045,girouard_dana,1,P
3044,RebekahJ85,1,P
3043,navarro_jose14,1,P
3038,capt_Adrian28,1,P
3014,Carolinehoang_,1,P
3037,itschristinaaa8,1,P
3033,dk_prabhu,1,P
3028,alegonzalez15,1,P
3027,JennieKelly04,1,P
14,Lauren_Imbriano,23,P
3024,TravisABC13,1,P
3021,hort_mama,1,P
3019,christyhogan12,1,P
3018,natalienteran16,1,P
3017,JessicaH809,1,P
3036,bigg_dan65,1,P
3149,_ayuhhh,1,P
3151,Dr_JennaY,1,P
3153,ashleyy0816,1,P
3282,STEPHAN792112,1,P
3276,jaks2003,1,P
3273,sara_mehrens,1,P
3272,emckinney_cisd,1,P
3270,The713sniper,1,P
3267,almaalejandraa_,1,P
3265,Sarah_Helenn,1,P
3264,__made__,1,P
3262,twalk316,1,P
3285,brookebingham__,1,P
3261,mo_mariea,1,P
3259,42Kent,1,P
3258,ms_drodriguez,1,P
3256,mollie_mayfield,1,P
5,12thMan,140,P
3249,H_McClain,1,P
3248,ayeeitsdrea_,1,P
3245,cassedup_shawty,1,P
3244,haley_j__,1,P
3242,MyMaria3_,1,P
3260,MZONeal22,1,P
3241,diegosb16,1,P
3289,raleighb14,1,P
3291,laurenEallen24,1,P
3323,Astro_Eustice,1,P
3322,_Angelicaa02,1,P
3321,_KateMcneill_,1,P
3320,brandi_heard8,1,P
3315,reynolds_2021,1,P
3312,gracie_grace101,1,P
3311,yang_zhilong,1,P
3310,T_Crone97,1,P
3309,Temi_14,1,P
3290,huntermunson426,1,P
3308,cait_keating,1,P
3304,riley_luis,1,P
3303,DiamondMonet97,1,P
3302,brandie_sue17,1,P
3301,allyd911,1,P
3299,allison_obregon,1,P
3296,vickers_stephen,1,P
3295,jdspearman12,1,P
3294,KatieKennnedy99,1,P
3292,Mem3765,1,P
3307,jessicadykes98,1,P
2976,1030BrookeDixon,1,P
3240,JonScott2188,1,P
3235,TxAgBlonde_13,1,P
3181,gracebennett__,1,P
3179,alexc2006,1,P
3178,orecul37,1,P
3176,blake_wallace95,1,P
3175,JoelUtzAg94,1,P
3174,tolga_k,1,P
3172,winag18,1,P
3171,crowder_pea,1,P
3170,guavacity_,1,P
3183,lnoemi21,1,P
3169,helen_vas18,1,P
3164,coleguidry21,1,P
3163,Marcologist44,1,P
3162,cvz_james,1,P
3161,_aTm2004,1,P
3158,ayushacharya24,1,P
3157,andres_g_9,1,P
3156,rasberry_21,1,P
3155,geoffreyp64,1,P
3154,Itssadierenee_,1,P
3165,GrantCa67069657,1,P
3236,lorenaenriquez1,1,P
3184,Lerma218,1,P
3186,dan_lineberger,1,P
3232,d_moneyhtx,1,P
3231,britttbrat14,1,P
3226,zaribby_,1,P
3220,BaileyMeyer_,1,P
3217,C____Miller,1,P
3214,21agAnthony,1,P
3210,willporter91,1,P
3209,tdelgiudice11,1,P
3207,kimbo_slice0729,1,P
3185,lora_kay15,1,P
3204,shawb3rry,1,P
3200,mrsthang01,1,P
3198,DanielGarcia711,1,P
3197,agvet2004,1,P
3194,VonsVision58,1,P
3192,_samanthahuff,1,P
3191,tay_helms,1,P
3190,Hky21Mom,1,P
3188,SawEmOff1931,1,P
3187,lisawg91,1,P
3201,Josephmorgan96,1,P
2601,Pear_76474,1,P
2975,Chlofro16,1,P
2969,BeComp15,1,P
2726,anaa_platanoo,1,P
2725,vickysal99,1,P
2723,DougRice4,1,P
2722,Mitchellford91,1,P
2721,EmilyNavarro16,1,P
2719,HopeBeitchman15,1,P
2718,jana_nicole17,1,P
42,aaranderson96,8,P
2710,atousa94,1,P
2708,maddieeuckert15,1,P
2707,austinn_89,1,P
2703,LinzyLou12,1,P
2700,edithflores41,1,P
2699,dmorris_11,1,P
2696,JakeReed86,1,P
2694,Papi_CHEWluu,1,P
2693,phernz5,1,P
2691,Sayan_Mgl,1,P
2690,cepatek5,1,P
2731,Tubaboss24,1,P
2732,mbkar911,1,P
2733,_flour_child_,1,P
2735,Jedi_Aust,1,P
2781,paulmiddleton92,1,P
2779,baine_barray,1,P
2777,sarah_lorrainem,1,P
2776,lcagle1960,1,P
2774,paigeeeee_k,1,P
2769,reputallison13,1,P
2760,Ayoo_ImShort,1,P
2758,frantastic20tm,1,P
2757,jeanette_wx,1,P
43,12thManTrue,8,P
2756,alexnmorris_,1,P
2752,Willey109,1,P
2751,s_lex23,1,P
2748,ZoeQuotes13,1,P
2746,DFIGS15,1,P
2745,AbigailOchoa88,1,P
2741,Kirby_Matocha,1,P
33,briannag9816,9,P
2737,k8wellings,1,P
2736,BaileyKate08,1,P
2755,a_ray234,1,P
2687,mikami_boss,1,P
2682,lavina_mahtata,1,P
2681,miacat9511,1,P
2642,maddiegreen99,1,P
2641,Albethsi_,1,P
2639,MaryMares04,1,P
1814,JustinG0123,1,P
2633,carly_meghan98,1,P
2632,victoriaaaa_rdz,1,P
2631,Read_4_Russell,1,P
2630,gentry_60,1,P
2629,anadelgadillo02,1,P
2643,Matt53542933,1,P
2627,ACFresh21,1,P
2623,kenya_sophiaa,1,P
2622,_MollyByGolly_,1,P
2620,ryan_gonzalez_,1,P
2619,Marko_Tomicic,1,P
45,shelbae_nichole,8,P
2610,Smith_ABRS,1,P
47,tia_mechelle,7,P
2607,MSC_WBAC,1,P
48,meganging_,7,P
2624,AustinMiles2010,1,P
2782,Adriana_U1,1,P
44,lthrailkill15,8,P
2652,codi_rynn,1,P
2680,noe_denova,1,P
2679,priscilapaez14,1,P
2676,chris_komatsu,1,P
2675,Team_BLONDIE,1,P
2674,cameron_worthy,1,P
2673,yvonne_macauley,1,P
2671,_johanamtzzz,1,P
2669,robmeister30,1,P
2667,_Foleyloaded,1,P
2647,AverySarah18,1,P
2666,leos_naomi,1,P
2662,sillyili01,1,P
2660,youcouldnever07,1,P
2659,hectornino_,1,P
2658,borel_ms,1,P
2657,KAP7ESSTM,1,P
2656,Handz_R6,1,P
2655,renecon20,1,P
2654,nguerra2,1,P
2653,_emily1231,1,P
2664,nimesh3t,1,P
2784,SamiHernandez5,1,P
2785,kyliekay99,1,P
2786,A_A_Ron_marti,1,P
2922,coach_Foster19,1,P
2920,kristian_posada,1,P
2917,bronc212,1,P
2916,shreyarao_,1,P
2914,aoiifee_,1,P
2913,JG_460,1,P
2912,Bryanajohnson7,1,P
2910,prerna_jain1,1,P
21,JohnMA_24,15,P
2924,Taylor_Emola,1,P
2906,Coach_Woodard,1,P
2904,srgaudet95,1,P
2900,gabbbiii12,1,P
2898,LoganMelton7,1,P
2897,erick56577,1,P
2896,Jay_Payton02,1,P
2894,sams_aly,1,P
2893,KayleighH10,1,P
2891,hayden__baker,1,P
2889,El_Rickyzolano,1,P
2905,__shelbs__,1,P
2888,K_more_of,1,P
2926,karenloza75,1,P
2930,Sir_Loin_Long,1,P
17,Makingitup3,21,P
2966,Jules_texas,1,P
2964,AAnderson_Math,1,P
2963,ashnoel18,1,P
2960,_anastasialucas,1,P
2959,KimRamos14,1,P
2954,fat_roe,1,P
2953,federico_palomo,1,P
2952,hopey1738,1,P
2928,mirandalamar_,1,P
2951,DanielJS03,1,P
2945,3rdWheelJordyn,1,P
2943,shel_bee2019,1,P
2941,HectorAgg2019,1,P
2940,_priscillaaac,1,P
2939,foxtrotcharlie0,1,P
2938,Dr_Landmark,1,P
2937,TexAgGrad19,1,P
2936,badgalvivi_,1,P
2935,Salth3awesome,1,P
2950,cristal1207,1,P
2974,Dee_Sky_Walker,1,P
2887,G_OProsper,1,P
2883,Pheven_GAMEZ,1,P
2825,Myke908,1,P
2821,kristinmj2,1,P
2820,Joannac_111,1,P
2819,JOHNL_III,1,P
2818,karistarit88,1,P
2817,_Cesar13__,1,P
2816,smartgirl2015,1,P
2814,RachelGMiller97,1,P
2813,CydneyAg18,1,P
2826,BigGucciJosh600,1,P
2812,AgMom12,1,P
2809,GavinMccallist1,1,P
2806,kassandraavila8,1,P
2803,emily_pearl888,1,P
2800,_abbeycadabbey_,1,P
2798,andersonag04,1,P
2794,lizrequenez_,1,P
2792,albertm_13,1,P
2791,phoenixx_brune,1,P
2788,EmmaTay35009951,1,P
2810,dpvman25,1,P
2886,nadia_karina15,1,P
2828,mimi__dinh,1,P
2836,damonique_16,1,P
2882,jcullison16,1,P
2881,marlenelimon_ma,1,P
2878,SusanaAguayo12,1,P
2873,aves2112,1,P
2869,rhall23,1,P
2866,maddiemiller__,1,P
2864,eric_aaaa,1,P
2863,JBallewGigEm06,1,P
2862,GL_parksguy,1,P
2833,DM_PC7,1,P
2860,Garner_99,1,P
2857,The0nlylamar_,1,P
2855,niqueee_99,1,P
2847,BradyNunn30,1,P
2844,tovaruriel32,1,P
2843,emno_73,1,P
2842,sharkey_hannah,1,P
25,allirox30,11,P
2839,levi_newell22,1,P
2837,Sam_Rae97,1,P
2859,ysabelm2001,1,P
1813,Johnrdz33,1,P
255,deme_garcia99,3,P
1809,edxardo8,1,P
765,EmilyNewby5,2,P
763,heylayy_,2,P
762,Val_Pal96,2,P
761,Da_Real_AG_,2,P
753,Corinne_M55,2,P
752,dog_rates,2,P
751,TheRealDJSaenz_,2,P
750,eddyduran93,2,P
745,titogonz03,2,P
766,ders_10,2,P
744,sjarvis00,2,P
741,8091914t,2,P
740,varriazola16,2,P
172,swagner19,4,P
734,oh_homiee,2,P
732,hession_chloe,2,P
731,eloredo3101,2,P
730,_davidg_81,2,P
729,JamalMohmand1,2,P
728,code_cherry,2,P
742,Foebg_1,2,P
727,jalvarez14_,2,P
767,ceeds5523,2,P
774,cam_nicoleee,2,P
806,croush1026,2,P
805,arpitp_08,2,P
804,ArmaniWatts23,2,P
803,spaceboyone_,2,P
801,mitch17ram,2,P
797,kaeladenea_,2,P
796,cellodude96,2,P
794,danidi04,2,P
793,wade_penn,2,P
773,seranlucas1,2,P
790,caseybryant248,2,P
788,marcogalgo1,2,P
787,natcoleman27,2,P
786,emilyguzman30,2,P
785,marissanavarro_,2,P
784,tylar_ransom,2,P
780,SThompson_10,2,P
779,_lydiagiselle_,2,P
778,yisel1253,2,P
775,_cyncaballero,2,P
789,meghan_olivia02,2,P
725,wo_chlo,2,P
721,tim_oconnor1999,2,P
718,Jessica_Celedon,2,P
678,nikkip_97,2,P
677,nd_peggy,2,P
676,xmichelle718,2,P
675,howdydowdy21,2,P
674,TooTall_Tonym,2,P
671,hurtado_cat,2,P
670,primichelle15,2,P
668,mo_elizabeth_,2,P
666,georgette_ana,2,P
182,micamoney11,4,P
665,debra_wawi,2,P
662,majalca_sarahi,2,P
661,amadeo_loya,2,P
183,taylorpaige1299,4,P
657,AndrewSerna3,2,P
191,mason_hines57,3,P
192,papinchak_logan,3,P
652,neu_neu7,2,P
651,hadhad20,2,P
650,_okarianna,2,P
664,abby_kay23,2,P
680,katestout_,2,P
682,a_a_r0na,2,P
684,Bee_Yudit,2,P
717,CoachPerson_,2,P
716,weathergal08,2,P
715,Weather_Jedi,2,P
173,Ayee_28,4,P
711,SarahMRamos_,2,P
708,katietraylor3,2,P
707,_angelinaa2014,2,P
706,desstt48,2,P
705,LandonHolcomb2,2,P
704,laalvarado00,2,P
703,HighOnKayla_,2,P
702,Ms_MaddiePattie,2,P
701,JRF8383,2,P
700,jennalynn_k,2,P
179,niseag03,4,P
693,sjmoore97,2,P
692,Echio22,2,P
691,bradleyreid_,2,P
689,Jesus_GT3,2,P
688,danielleek33,2,P
686,becky_denton,2,P
808,brooke08_,2,P
809,R23FOX,2,P
812,jb_yktv,2,P
813,512Lauren,2,P
939,mikayla_slaydon,1,P
938,The__BrodyHill,1,P
936,wilke_mackenzie,1,P
934,kka_ttie,1,P
933,ThomasMcNeese33,1,P
932,jasminejuarez_,1,P
931,MSebesta1,1,P
929,Kiran_judgee,1,P
928,kels3ylee,1,P
941,MollyGillis12,1,P
920,mikalah_taylor,1,P
917,JordanShawn1,1,P
915,michellesza__,1,P
914,YufangDing0312,1,P
913,juan83401,1,P
910,_CMac7_,1,P
907,yuliiianaaa_,1,P
906,_landynn,1,P
905,brooklyn_bowden,1,P
903,_kazzyalaniz,1,P
918,TYY203,1,P
943,amandayvette_91,1,P
945,S_bacon3,1,P
951,TheBeesKnees72,1,P
990,travis_neill,1,P
989,JumboBurrito32,1,P
988,_4nash,1,P
987,kaleyann27,1,P
986,dupy_austin,1,P
983,Doctodd1,1,P
978,one_rainydae,1,P
977,JWoodson1191,1,P
973,devin__jiang,1,P
971,alex_britt_,1,P
970,sloeburn44,1,P
968,wendytamayo_,1,P
967,boomie_27,1,P
966,mamaluvs2dance,1,P
964,kristen_thorin,1,P
961,ArnaldoIbarra4,1,P
960,AmandaR905,1,P
959,akaRockst4r,1,P
958,emilee_allis,1,P
956,sherrilang627,1,P
955,anisaa00_,1,P
902,gcochran2,1,P
649,bella_austin16,2,P
900,KayleighRose007,1,P
895,alexis_moralees,1,P
167,markbernardo96,4,P
846,brayanmal1,2,P
842,Janebaby06,2,P
838,_aileen_xx_,2,P
834,thajoshman17,2,P
833,eab98_,2,P
831,etorres___,2,P
829,umm_im_paolaa,2,P
168,AFC_Cameron,4,P
165,MatthewWeir9,4,P
827,call_mebrittain,2,P
825,hamer_lab,2,P
824,coffeeandchaos7,2,P
823,tpierce__1,2,P
822,mel_meghan,2,P
820,John_Nollette,2,P
819,edwardsk2003,2,P
818,MGColocho777,2,P
816,gdreit98,2,P
815,sgos0613,2,P
826,mholmes87,2,P
851,rreeves07,2,P
855,soy__nando,2,P
856,jamespal11,2,P
893,kaylaleal726,1,P
892,tobyrocks3,1,P
891,a__flo21,1,P
888,carlin_brandon,1,P
887,wanderingh_art,1,P
885,beccadeutsch13,1,P
879,clandon95,1,P
878,kellie_131519,1,P
877,CourtBellamy11,1,P
876,j_bowm,1,P
874,23_brandonn,1,P
873,AnneMarie_Carr,1,P
872,sydney_chafin,1,P
871,__BethanyJones_,1,P
868,haynicole25,1,P
865,Botero1989,1,P
863,MrsMartin_247,2,P
860,satxb4,2,P
859,TyWatson99,2,P
858,Luxurious_Lys,2,P
857,cesart1198,2,P
899,marybethkirk127,1,P
991,emily_cepeda,1,P
193,alemart36,3,P
646,vannah_richie,2,P
389,bj_carden,2,P
382,drew_louisee,2,P
232,Sam_Peshek,3,P
380,African_Kingg,2,P
378,simonholmes21,2,P
376,yayaj_,2,P
374,celissa_11,2,P
373,misschris1970,2,P
364,hello_jordan99,2,P
391,rlalexander12,2,P
360,krista0955,2,P
354,ShelbyEasterwo1,2,P
352,DanielaTurtle_,3,P
350,sydneymaegan4,3,P
348,sadie_mic,3,P
345,slepley7,3,P
344,rvetter_,3,P
343,ItsAlexValdez_,3,P
342,Malpal3215,3,P
341,RubenMendez715,3,P
356,_josieheflin_,2,P
340,Caron74B,3,P
393,drjaymad1,2,P
396,britneypearson_,2,P
436,brandonnn_44,2,P
222,Pluugs26,3,P
432,reagan_graves,2,P
431,Alissaag02,2,P
430,storm_cloud01,2,P
427,kimbchi19,2,P
425,tyevans4978,2,P
418,T_J_Gonzalez,2,P
417,KevinDuong_2,2,P
394,knudsen1331,2,P
416,Emma_Okawara,2,P
412,kl_txlawtina,2,P
411,maddie_grubbs,2,P
409,saracurrie111,2,P
408,_wenwoo,2,P
407,_Hunter11_,2,P
405,mikeamaya18,2,P
402,JDEB__,2,P
399,Laura_Falco14,2,P
397,ashlynnn13131,2,P
230,Aggboy55,3,P
339,hotgirl__01,3,P
338,andrew__ewing,3,P
337,Osca0391,3,P
297,bobathefett21,3,P
295,ErinKavanagh15,3,P
293,marielatrev_,3,P
292,h_rosie_,3,P
287,_almagonzalez_,3,P
284,egracia10,3,P
280,Kerika_Green,3,P
277,TaylorLWhite20,3,P
276,jen16___,3,P
299,nihal_salem,3,P
251,Emily_monte11,3,P
267,Nancyydiaz14,3,P
266,_johnbrock,3,P
264,jac201315,3,P
263,raqueLopez2714,3,P
262,mwosborn21,3,P
261,randylunsford89,3,P
260,nymph___calypso,3,P
259,ileenleft_,3,P
258,Timeria_,3,P
268,amber_laurel96,3,P
241,bknubs_2K21,3,P
301,jlovell5,3,P
302,camryndavis7,3,P
237,rambling_baby,3,P
332,advance_abby,3,P
240,maroonish99,3,P
329,CSquared25,3,P
326,Ms_JChavez,3,P
325,Ceralion73,3,P
324,jerimccrary_,3,P
323,Locolouie12,3,P
322,itsmelissakay_,3,P
321,hayley_lago,3,P
320,marie_the_cat__,3,P
317,emrey35,3,P
316,MAJIN2UU,3,P
313,JenAg11,3,P
312,igotdopekicks23,3,P
311,lilivna_,3,P
309,SunsetSwift89,3,P
308,savage_jimi,3,P
307,_noodilie,3,P
304,letyleon7,3,P
303,the_passmore,3,P
439,vanessauf_,2,P
440,m_allen918,2,P
442,YungEfe10K,2,P
443,__aireanna,2,P
602,madi_mahoney17,2,P
598,Deleo_03,2,P
595,Kathryne_1323,2,P
594,parker_seago,2,P
591,julieanna_66,2,P
589,megan_fisch,2,P
201,natap00p,3,P
586,RaquelleC15,2,P
583,bri__pena,2,P
199,anglz_,3,P
582,j_rowell42,2,P
576,sce_98,2,P
574,Hi_imGrapeJuice,2,P
205,Russ1213,3,P
571,lisagaines2005,2,P
570,_GabbieAyala,2,P
568,isabarr00,2,P
565,renetrev2,2,P
564,jkvrtt21,2,P
561,aserna261,2,P
578,JoseAndress_,2,P
606,Vivian_Cassina,2,P
607,ParkerTodd16,2,P
608,crewtons_,2,P
194,mikeag96,3,P
639,bayley_holland,2,P
638,courtney_peal,2,P
637,hallie_edwards,2,P
635,sara_brownie98,2,P
633,brooke14__,2,P
631,jarvieee_13,2,P
630,bayleegriffin_,2,P
628,ashley__franco,2,P
626,marielenaaa__,2,P
625,elprofessor_13,2,P
624,DanDanonino1,2,P
623,_hannahhgracee_,2,P
621,madison_kettler,2,P
620,khendo2012,2,P
617,__eeelizabeth,2,P
616,treygroce2019,2,P
196,BlakeJohnson14,3,P
198,tanner_biggs1,3,P
611,ErinDye4,2,P
609,yourkinglouie1,2,P
206,mattcliffy22,3,P
647,hunner_bell,2,P
559,kgarcia1024,2,P
556,cornerboy93,2,P
494,allleee_,2,P
493,TLT3398,2,P
492,joccc_,2,P
488,4evajaded,2,P
486,maceyp2,2,P
485,alexhicks323,2,P
484,meIissa_vanessa,2,P
482,Csaldana07,2,P
479,ni_collier,2,P
497,callmekingjoe1,2,P
477,Ldfizzle16,2,P
221,kee_august_,3,P
466,cristina_arce14,2,P
460,tessa_moreno_,2,P
459,Cooper__Elliott,2,P
454,VikingAL21,2,P
450,alne713,2,P
449,the_graymatters,2,P
448,Sully1876,2,P
445,cruzjohanna45,2,P
469,_alinav0,2,P
500,_EverettKatie,2,P
503,Kmcenturff2,2,P
504,0marMaldonado,2,P
207,eileen_lynch123,3,P
551,KelliL1994,2,P
547,Angel_King_14,2,P
210,ashleybri8,3,P
211,SadieArguello11,3,P
212,hannah_alpacas,3,P
533,exzachly24,2,P
530,dancetildawn777,2,P
529,Toni_Nixon1,2,P
527,TexAg_Will,2,P
526,nunezjuan75,2,P
520,selena_ann11,2,P
518,katie_fickessen,2,P
517,mrudula_movva,2,P
514,angiegar519,2,P
512,beatrizrar13,2,P
511,CASS17__,2,P
510,yessikardz22,2,P
509,aselenadfghjkl_,2,P
508,jmroberts93,2,P
216,marirules1,3,P
557,Jesus_TheCowboy,2,P
1811,_AzizY_,1,P
999,RogerPelton1,1,P
1002,lauraderi_,1,P
1545,lindseywoods__,1,P
1544,lorenaaldape05,1,P
1543,Deannafaye1721,1,P
1540,janahdia1,1,P
1539,DRobe22,1,P
1537,not__salazar,1,P
1533,hollymarissa17,1,P
1532,emilym_1530,1,P
1527,denice008,1,P
1546,CarolineClayt19,1,P
1525,mckynzi_harper,1,P
1519,bri_jolie1,1,P
1517,sk291439,1,P
1516,maddieegoss7,1,P
1515,Phat_kitten,1,P
1513,AOlson2020,1,P
1512,cdelong22,1,P
1511,clabus15,1,P
1510,morgang1123,1,P
1509,micahle33,1,P
1523,ball_me_blayzer,1,P
1508,thedavidsmith21,1,P
1551,LMO8250,1,P
1555,eve1yn_adams,1,P
1589,dani_wilkins,1,P
1586,sharpshooter_jv,1,P
1585,ramisam0673,1,P
1584,dimples_24,1,P
1581,omarvelous03,1,P
1580,2bz2,1,P
1579,sng1999,1,P
1576,scotty_rudolph,1,P
1574,M13Roger,1,P
1553,Jbhunter15Josh,1,P
1573,k8linwilson,1,P
1570,angelicardz06,1,P
1569,Paige2017,1,P
1567,santisoulayrac_,1,P
1566,k_trahan,1,P
1562,ld4242,1,P
1559,ThelmaMae3,1,P
1558,Swanson802,1,P
1557,Rocky_Elbow_a,1,P
1556,Mrs_J_Guardado,1,P
1572,adalyn_cable,1,P
1507,rave_in_25,1,P
1502,nav3057,1,P
1501,_jenniferr23,1,P
1435,mitchhoward8396,1,P
1434,mjj0401,1,P
1433,janna_fofanna,1,P
1430,texasnurse12,1,P
1428,thot_tianaa,1,P
150,jeff_mccanna,4,P
1423,JT_Morgan12,1,P
1422,seancliffy22,1,P
1420,estrellaac_,1,P
1436,janagomez_,1,P
1419,Bellamaldo99,1,P
1414,vimspiration3,1,P
154,dani03_13,4,P
1402,gabylalala719,1,P
1400,tygavin99,1,P
1399,littleana17,1,P
155,nickpellegrin0,4,P
1394,MarcoPalomo2001,1,P
1392,killua_xy,1,P
1390,KatiePearl077,1,P
1418,Marcusw723,1,P
1439,kimberlyh901,1,P
1440,lillykathryn21,1,P
1444,lepage_mo,1,P
1498,USDA_NIFA,1,P
147,sarita_ysabella,4,P
1491,kal_jdb,1,P
1490,cass_cats,1,P
1488,alyssamazz13,1,P
1482,FRIZZFR8,1,P
1481,Mdiffee1,1,P
1479,katia_amstalden,1,P
1477,Pmart40,1,P
1473,The_NAVC,1,P
1471,eryncrenshaw33,1,P
149,Analisaaa_12,4,P
1465,fadlallah_musa,1,P
1463,ValeriGibbs6,1,P
1460,Collin_56,1,P
1457,ashhbash13,1,P
1454,viancacruz96,1,P
1452,MarioA9,1,P
1451,Jessica61826500,1,P
1446,_paularmoreno,1,P
1445,jrh614,1,P
1595,_TrishKabob,1,P
145,AdoredAna_,4,P
1598,bonniebee23,1,P
1605,Amy_Herman10,1,P
1757,Mannyiscool23,1,P
1754,strwbryblond75,1,P
1752,EmilyBraden2,1,P
1751,averygraham214,1,P
1750,paola_villaparo,1,P
1749,possum_boi_seb,1,P
1747,TristenCruz1,1,P
1746,Mrs_Kearns,1,P
1745,SEC_MattyB,1,P
1760,KP_Mooney,1,P
1742,MCTrent23,1,P
1738,mabyrum8,1,P
1737,esarlls3,1,P
1736,Ben_Baby,1,P
1735,EyeDocMike98,1,P
1732,dmarek94,1,P
1729,natties_daddy,1,P
1727,mrs_frommert,1,P
1726,OohShiny_Sarah,1,P
1725,avery_arndt,1,P
1739,burgoon96,1,P
1761,samanthamae25,1,P
123,Hannah_Millho,5,P
120,kendallfay1005,5,P
1808,Luva_Belle,1,P
1806,laurenrichmond_,1,P
1803,hlegare19,1,P
1802,jacob_mickels,1,P
1801,David_Heller25,1,P
1799,j__para,1,P
1795,kyah305,1,P
252,Matthew_Masek,3,P
1793,AxelE214,1,P
1791,harett17,1,P
1790,EstebanV07,1,P
1787,Its_Maity,1,P
1781,Michael_Teve,1,P
1780,fletcher_reyna,1,P
1779,marcosantoyo10,1,P
1777,CiaraGarci_,1,P
1775,kbstark2034,1,P
1773,nat_the_bat101,1,P
1772,kaceykcb3,1,P
1770,Ben1Culhane,1,P
1765,sipe_lane,1,P
1723,TISD_HT,1,P
1388,rcb05,1,P
1722,_bridegrate,1,P
127,DillTrill_,4,P
141,bazan_brianna,4,P
1651,SeanMcKinney75,1,P
1649,tylerward12345,1,P
1647,USA_Network,1,P
1645,theNathanK9,1,P
1644,StephonWarren3,1,P
1638,C3Stats,1,P
1637,LoveliNessa_,1,P
142,xxshelby0428xx,4,P
1655,mikaylacollins_,1,P
1630,DRollins_,1,P
1626,ed_bok,1,P
1624,catharper11,1,P
1621,arlindasheray_,1,P
1619,lizzyyyyy17,1,P
1618,k12cto,1,P
143,morgan_howard,4,P
1611,kennedy_maddi,1,P
144,egarcia_2018,4,P
1608,thebarracks_cs,1,P
1628,Jordan_J_98,1,P
1656,MckenzieStarr3,1,P
3325,camlo1215,1,P
1660,maisie_boehmer,1,P
130,achavez48,4,P
131,CorinaValdez03_,4,P
1706,duffymac80,1,P
1705,r0ckrgeo,1,P
1701,connorchoate1,1,P
1698,JManziel2,1,P
1692,Vol_Sports,1,P
1690,WTAW1620,1,P
1689,CyrusGray32,1,P
1688,BKLOUNGE927,1,P
1685,_DylanJ_,1,P
1683,Mojoman70,1,P
1682,TaylorTravis15,1,P
1675,WakeEmUp9,1,P
1674,Ranger222Mom,1,P
1670,Chrisplus4,1,P
1669,TDup25,1,P
1667,lissa1261,1,P
135,JessicaVShark19,4,P
1663,Zo_12,1,P
1661,Safe2Save,1,P
1721,ShelbyHearn3,1,P
1001,haleymarie_21_,1,P
1387,bri_adastra,1,P
1383,franknieto31,1,P
1133,jaaacckieee1,1,P
1131,jake_allison_87,1,P
1129,maddie_teel,1,P
1128,JakePeters23,1,P
1125,lpicone_tennis,1,P
1124,jakeburke_77,1,P
1123,Jace_Walker1,1,P
1122,RachelN_Sweeney,1,P
1121,_bryanguevara,1,P
1134,beccacook76,1,P
1120,grudt_kgrudt,1,P
1118,Grace_Wylie14,1,P
1114,original513,1,P
1112,itss_maddiiie,1,P
1111,madisondrew95,1,P
1110,_katie_hayes,1,P
1109,annakasprzyk81,1,P
1107,nicholastey01,1,P
1102,912ept,1,P
1100,allyson_sadler,1,P
1119,RyanAgs23,1,P
1098,DatBass0927,1,P
1136,mckenna_parksss,1,P
1141,megan_larea,1,P
1185,GuidoZapata1222,1,P
1184,dbc_99,1,P
1178,Mauler26996422,1,P
1176,branden2022,1,P
1174,ccamella22,1,P
1171,abbythomas0921,1,P
1168,emely_gz,1,P
1166,DavidH426,1,P
1163,emo_chlo,1,P
1138,Kati_Foskey,1,P
1162,baigreenwood23,1,P
1159,BillyForney3,1,P
1157,mjkennedy50,1,P
1156,_TerraSebastian,1,P
1155,Hon3s_t,1,P
1154,Danelle_1999,1,P
1152,julianv45,1,P
1149,Jozzzlyn1,1,P
1145,Keely_Shea2,1,P
1144,MatthewHenry_1,1,P
1161,kaymcpherson61,1,P
1097,maddyy_12,1,P
1096,CyraAngel128,1,P
1095,emma_2k13,1,P
1043,thejess_f,1,P
1042,_hanooni_,1,P
1041,RoughStuffReal1,1,P
1039,julianne_shafik,1,P
1037,miss_dani_0427,1,P
1035,NortonTX99,1,P
1034,Maddi_E_,1,P
1031,mattscottd15,1,P
1029,madibowman34,1,P
1047,_shayesmith_,1,P
1028,rhi_mari,1,P
1026,Nicole354Perez,1,P
1025,clarissaa_4,1,P
1021,chrischam2b,1,P
1016,cberkovich37,1,P
1007,Cline_alderete,1,P
1006,Israel_a99,1,P
1005,nip_jake,1,P
1004,Mackenzie_JC,1,P
1003,kiabethh__,1,P
1027,mbt4955,1,P
1054,__maarianaa_,1,P
1055,AddieDavis1996,1,P
1056,ceh983,1,P
1094,candy_fj,1,P
1089,Makangaroo7,1,P
1088,mark_goggins,1,P
1086,alli_garcia16,1,P
1084,jenny_holl19,1,P
1083,Hopedavis86,1,P
1082,meghandeann_,1,P
1080,Kasey_Wynne,1,P
1079,CatFan97,1,P
1071,HaleyTS13,1,P
1070,courtb415,1,P
1069,nessa_821,1,P
1067,jordieG27,1,P
1066,MelanieOtto14,1,P
1065,bidibidi_blanca,1,P
1064,__anna__w,1,P
1063,JacobAJohnson17,1,P
1062,peaceup_atodd,1,P
1060,tbarajas12,1,P
1058,Kell_Johnston,1,P
1057,Nancyyyvas13,1,P
1186,maryliiz_,1,P
1193,troy_alivio,1,P
1194,JujuMarie19,1,P
1200,katlin_norton,1,P
1328,jasman_kaur,1,P
1327,BeccaV_232,1,P
1325,beccadance99,1,P
1323,williams_katie_,1,P
1320,case_closed29,1,P
1319,rockyn_robyn_,1,P
1318,Coach_Reed1,1,P
1316,helenwinn_,1,P
1315,tmfadal27,1,P
156,zach_langenberg,4,P
1314,chinnitabae__,1,P
1312,Jessmwagner19,1,P
1309,ashleyram30,1,P
1307,lauren_rohloff,1,P
1306,yungtoez2,1,P
1304,a3burney,1,P
1303,cristianav23,1,P
1302,Ashleigh_Reid,1,P
1300,Melodious_Gold4,1,P
1297,joshcalhoun18,1,P
1313,__melisssaaaa,1,P
1334,keatonwells97,1,P
1335,maddie_meyer21,1,P
1336,simplytyra20,1,P
1376,Ale_mxz,1,P
1374,jays_on_my_feed,1,P
1373,ali_vasq98,1,P
1369,Brock_Gransbery,1,P
1363,NicoleF16949008,1,P
1360,wozniak02,1,P
1356,guadalupe_564,1,P
1354,bryanofuokwu_,1,P
1352,Demetri92272234,1,P
1350,_MikyC,1,P
1349,neomib_03,1,P
1348,I_Martin44,1,P
1347,monicuhhhh17,1,P
1346,kimberry__,1,P
1345,Manny__2018,1,P
1344,jydxo_,1,P
1343,k0unna,1,P
1342,marley_gilmore,1,P
1341,Steponme_2014,1,P
1339,knichole2020,1,P
1337,Elisa_Teitelman,1,P
1295,_deannarae_,1,P
1385,_cassiemarie_23,1,P
1294,wju4n,1,P
1291,amandaa_gail12,1,P
1244,katyforrest23,1,P
1243,_callie_23,1,P
1241,beng_320,1,P
1239,jbeam24,1,P
1237,rhetthathaway23,1,P
1236,abby_raee,1,P
1234,_marissawhitney,1,P
1232,dylangarber10,1,P
1231,adkins_03,1,P
1245,sophie11_27,1,P
1230,H_P_Ewing,1,P
1228,haleyyy_f,1,P
1226,maddie_knightt,1,P
1225,_tylerjackson_,1,P
1216,cavjock90,1,P
1214,BillStockton71,1,P
1213,Wardie_T_,1,P
1209,allielongo09,1,P
1207,Maciee_Nicolle,1,P
1202,_sarah_david_,1,P
1229,layi285,1,P
1248,Soxfan012,1,P
1251,twenty1universe,1,P
1253,joshua_wood9,1,P
1290,ayee_its_norina,1,P
1287,Davenpor1Shelbi,1,P
1286,lauren_h2os20,1,P
1285,Tesorito84,1,P
1283,allison_b216,1,P
1282,gissellechapa_,1,P
1280,Sean_Folloder,1,P
1278,heartth_robbb,1,P
1277,valerieeason13,1,P
1276,Pattrickk_M,1,P
1275,chuy980723,1,P
1272,karissa_g_rios,1,P
1271,noelperez53,1,P
1270,shari0823,1,P
1268,ShayLo76,1,P
1267,dillonmcguffin_,1,P
1266,arianag21_,1,P
1265,OldManChan_,1,P
161,epi_kaur,4,P
1257,o_datboy,1,P
1255,medlin_josh12,1,P
1293,impossible_soul,1,P
1794,__CBWilliams__,1,P
4,TXAMFoundation,157,I
16,reveille,22,P
22,jeffreykeese,15,P
23,thestrausshaus,13,P
30,TheBattOnline,10,OI
32,travisgasper,9,P
34,nuvvaves,9,P
36,smileitsjoy,9,P
37,SECNetwork,9,OI
38,emeeleeee,8,P
46,fabianacsaa,7,P
50,ShelRM,7,P
51,OfficiallyMadii,7,OI
52,VonMiller,7,P
55,aleegatorrr,7,P
60,RBoening,7,P
62,OakleyMartinez,7,P
65,TradCouncil,6,OI
67,TarletonState,6,OI
69,DeniceWPugh,6,P
70,mcculloughbrian,6,P
73,sydhreyn,6,P
74,AmberCervantez,6,P
76,camxdaisy,6,P
78,alexandriaarene,6,P
81,UTAustin,6,OI
82,DaenaLC,6,P
84,DrGerryParker,6,P
85,gracegabrielll,5,P
86,TheJeremySolis,5,OI
88,jabreonjackson,5,P
89,camilardlf,5,P
90,RileyKStock,5,P
91,gabsmarisol,5,P
92,reallyleann,5,P
94,bradystonex,5,P
95,LaisaHinojosa,5,P
97,KAGSnews,5,OI
98,drjjblake,5,P
99,desbaq,5,P
100,calliemburton,5,P
102,caleighbriley,5,P
103,rolandsmartin,5,P
104,allisonfagerson,5,P
107,SalisburyBrooke,5,P
109,CoachKenison,5,P
113,oncloudana,5,P
117,racheymcneal,5,P
119,caitlinfalke,5,P
121,GabeBock,5,P
122,KBTXNews,5,OI
125,AviSanjel,4,P
126,lchappp,4,P
128,ediiitthh,4,P
129,zhannabmiller,4,P
132,apstudwell,4,P
134,misscurlymandy,4,P
138,maysbusiness,4,OI
139,sofithegoat,4,P
140,SEC,4,OI
148,LibraryMedlin,4,P
151,JennEAguilera,4,P
152,oscmart,4,P
153,peytonisthename,4,P
157,CPRITTexas,4,OI
158,emilyuel,4,P
159,BKendallMD,4,P
160,PearlandHS,4,OI
164,CGillaspia,4,P
166,AcademicDome,4,OI
170,Hannahrugby,4,P
174,jarradtessa,4,P
175,jesskramr,4,P
176,KaitlynMDill,4,P
177,GigemNick,4,P
180,teextweet,4,I
181,victoriasmedley,4,P
184,thomasgcampbell,4,P
185,mrsallyydavis,4,P
186,nicholasshofner,4,P
187,youremyloverr,4,P
188,RathodAniruddha,4,P
189,erikclayhoover,4,P
190,LawhornKyle,4,P
195,RossBjorkAD,3,P
197,kissphoria,3,P
200,Simmango,3,P
202,Upcoast,3,P
203,msctownhall,3,P
204,hamsterkaren,3,P
209,JesperJiang,3,P
213,CalebBriehn,3,P
214,SendPho,3,P
215,htpapaco,3,P
217,manishtanks,3,P
219,NCADDNational,3,OI
220,thegoodag,3,P
223,Vgillooly,3,P
224,megangracy,3,P
225,UTHealthSAMDA,3,OI
226,raeganhoge,3,P
228,DrGiroir,3,P
229,MacKennaAlex,3,P
233,TXForestService,3,OI
235,DudePerfect,3,P
236,jasvetz,3,P
238,HeyGurlHayley,3,P
239,ESPNPR,3,OI
243,cashmoneykyra,3,P
244,ActuallyBrandon,3,P
246,claribelfloress,3,P
247,RyanSebesta,3,P
249,khinman,3,P
250,AulstinwithanL,3,P
253,emmmssi,3,P
254,saharazizlaw,3,P
256,Gepettopizza,3,OI
257,bailsssss,3,P
265,johnwagner,3,P
270,hgweger,3,P
271,spicyjulien,3,P
272,rachelmbernardo,3,P
274,JavelinaGolf,3,P
275,Sersaintspr,3,P
278,AnyssaSarina,3,P
279,chrlkng,3,P
281,oscartgmz,3,P
283,Alexsandrateran,3,P
285,Jaiicub,3,P
288,theaofjs,3,P
289,SBMCCLURE,3,P
290,aaronmassecar,3,P
291,TDEM,3,OI
294,katkaimanaa,3,P
296,BlaneDaugherty,3,P
298,modxjazz,3,P
305,TheWilliamLe,3,P
306,beesweakknees,3,P
310,PlanetaryKeri,3,P
314,propjoesays,3,P
315,DrZelayaSpeaks,3,P
318,sparesushi,3,P
319,CottonBowlGame,3,P
327,AlfordForTexas,3,P
328,SerjEpic,3,P
331,ValeriePayan,3,P
333,delllannney,3,P
334,DrSrivi,3,P
335,adriennerubens,3,P
346,tarynwrighttt,3,P
347,kpphilliips,3,P
349,ClassofMcCarthy,3,P
351,peydayreed,3,P
353,MargaretBadejo,2,P
355,JAFigueroaVet,2,P
357,NurseKnut,2,P
358,TexasMonthly,2,OI
359,RecSports,2,I
361,KHSWillis,2,P
362,gdjudge,2,P
363,sarawithsarcasm,2,P
365,CCAlliance,2,OI
366,MedicalRedhead,2,P
367,shelbyxbreann,2,P
368,WJCork,2,P
369,achirigail,2,P
370,Deelawjr,2,P
372,NCAAVolleyball,2,OI
375,GutGirlMD,2,P
377,MADDOnline,2,OI
379,drugfreedc,2,C
383,HeartOTXHeartMD,2,P
384,NPHW,2,OI
385,KBTXShel,2,P
386,UF,2,OI
387,JMRealtorAR,2,P
388,SeptemberReader,2,P
392,kxtherineortega,2,P
395,theeagle,2,P
398,JackManhire,2,P
400,dittoduffel,2,P
401,Mashalsss,2,P
403,LaNenzz,2,P
404,ladyofbluewar,2,P
406,instoessel,2,P
410,ProfMarkovic,2,P
414,OpieTellEm,2,P
419,aoqmanzanita,2,P
420,TheRealDoozie,2,P
421,PotentPiO,2,P
422,SeleneAlaffa,2,P
423,GabrielEckstein,2,P
424,falloutstudio,2,P
426,OfficeOfJaime,2,P
428,erikfontaney,2,P
429,IslandCampus,2,I
434,KBKusHHH,2,P
435,triggerajan,2,P
437,chanskyee,2,P
438,TXWesLawReview,2,OI
441,rynoparks,2,P
444,cmharw,2,P
446,TNPAustin,2,OI
447,alinaruizz,2,P
451,DiverseIssues,2,OI
452,ConstitutingUSA,2,OI
453,CoachGSoccer,2,P
455,Monicasnagy,2,P
456,bykellyjasper,2,P
457,Iweldele,2,P
458,kaylincomeaux,2,P
461,BethanyArlett,2,P
462,ToddHutchinson,2,P
463,TFASorg,2,OI
464,mrjdmauricio,2,P
465,CRobinetteTX,2,P
470,BethanyLeff,2,P
471,savannahfiish,2,P
472,hkasperbauer,2,P
473,tpantuso,2,P
474,DawneAnn,2,P
475,ggfdaisy,2,P
476,maddiegguy,2,P
478,AlexBezilla,2,P
480,valhamwil,2,P
481,alexishazesimm,2,P
483,KarenKeyLargo,2,P
487,jennyygisell,2,P
489,catorano,2,P
490,TrayveonW,2,P
491,brianablc,2,P
495,amymend,2,P
496,Bethetarian,2,P
498,shaybonnerjee,2,P
499,kailynflynn,2,P
501,MattDFriedman,2,P
502,andrewtahn,2,P
505,IsSergio,2,P
506,emmashobee,2,P
513,sydneypjohnson,2,P
515,TiffFaber,2,P
516,KaelaSharp,2,P
519,hirxcane,2,P
521,petrichorlauren,2,P
522,scubydubyduu,2,P
523,bargainsuperman,2,P
524,Bvvre,2,P
525,CelinaxMichelle,2,P
528,GCTBarbara,2,P
531,jlhmyers,2,P
532,lindzeelovely,2,P
534,kellimgilliam,2,P
535,susancotterag,2,P
536,exponentialvet,2,P
537,HABRITweets,2,OI
538,spotdvm,2,P
540,OxbowAH,2,OI
541,MickeysSliders,2,P
542,cvxbrian,2,P
544,Twitter,2,OI
546,sportravacademy,2,OI
548,annietweetz,2,P
550,BryanPolice,2,OI
553,becomemydestiny,2,P
554,Ademide,2,P
555,tbcarey,2,P
558,fernandopalomo,2,P
562,ShineyAllen,2,P
563,kearradancie,2,P
566,isaaactrevino,2,P
567,stevvannoying,2,P
569,CourtneyRKramer,2,P
572,markjguerrero,2,P
575,snickerhorse,2,P
577,Baylor,2,OI
579,Whataburger,2,OI
580,mayaclaypool,2,P
581,BEvansBabyGirl,2,P
584,JettReinhardt,2,P
585,SavannahFrankss,2,P
588,JillGrimesMD,2,P
590,kimiller,2,P
592,SchmittElisa,2,P
593,KeepersDad,2,P
596,itsnotsaraii,2,P
597,taitelyn,2,P
599,torigsmith,2,P
600,Joshwoos,2,P
601,okaytany,2,P
603,sassyfordayss,2,P
605,llcoolcel,2,P
610,codyrako,2,P
612,KelsiEarly,2,P
614,lessonsinfifth,2,P
618,AbbyLizzie,2,P
619,DeCluitt,2,P
622,alinanicholee,2,P
627,AbishaiCazarez,2,P
629,KarrieP,2,P
632,abbyygarzaa,2,P
634,fatimacaldera,2,P
636,GrrrbichJR,2,P
641,ThePhodografur,2,OI
642,marydixson,2,OI
643,CaptainKAMcLeod,2,OI
644,djonesthicc,2,P
645,cheftai,2,P
654,TexasExes,2,OI
656,kierkelard,2,P
659,tracygmurphy,2,P
660,Uptainit,2,P
663,averyelisevc,2,P
667,TriggerLoop,2,P
669,HoustonDash,2,OI
672,JackieKohlmaier,2,P
673,AaronDFordNV,2,P
681,jiwooeunice,2,P
683,veronicasbailey,2,P
685,dianecbarnes,2,P
687,katelynnashmore,2,P
690,sarahhhperez,2,P
694,AlmanzarPhD,2,P
696,VannettaChapman,2,P
697,WCAMC,2,OI
699,BushKenna,2,P
709,verneshahazel,2,P
710,ilissanolan,2,P
712,sydneyylittle,2,P
713,kristenmadisonn,2,P
719,MergioSadrigal,2,P
720,TamekaLatt,2,P
722,AshaWinfield,2,P
723,realJohnHaile,2,P
724,alexanddrrraaaa,2,P
726,KendalLacagnina,2,P
733,vrosetr,2,P
735,ashleytowerz,2,P
736,TheSECU,2,OI
737,emokidsloveme,2,P
739,sophiasigh,2,P
743,kalnextdoor,2,P
746,brynnburger,2,OI
747,TaylorTumMusic,2,P
748,HanksCross,2,P
749,EricSanten,2,P
754,baileyleanneg,2,P
755,okanboke,2,P
756,sarahjarzombek,2,P
757,jadalaur,2,P
758,kailynwilliamss,2,P
759,GigsandSwigs,2,P
760,BrokenLegge,2,P
764,msahmedtech,2,P
768,desaisuchi,2,P
769,nateckearney,2,P
770,notsaracurrie,2,P
771,lifewithdburch,2,P
772,nanseelazo,2,P
776,sarahneufeldt,2,P
777,TraceyAddington,2,P
782,marilougeee,2,P
791,colisurf,2,P
792,exSHELLsior,2,P
795,mroueeee,2,P
798,Thesammymarie,2,P
799,subailey,2,P
800,chibbsahoy,2,P
802,beverlyalford,2,P
807,PhilipTGolden,2,P
810,MrsJEstrada,2,P
811,TexAgsRadio,2,OI
814,kloielynn,2,P
817,jquast,2,P
821,CabCollege,2,OI
830,advisercardenas,2,P
832,itslexiiicx,2,P
835,natalieeeannne,2,P
836,sethmptx,2,P
837,lexxoxomarie,2,P
839,cherrybombjulz,2,P
840,katmontalvo,2,P
841,vadersyoungone,2,P
843,aglifesciences,2,P
844,ItsTheBigK,2,P
845,TyChumbley,2,P
847,caseredoxlab,2,P
848,Vguilfoil,2,P
852,EdEssiet,2,P
853,ReadSomeMoore,2,P
854,yeetpaige,2,P
861,TeddieAndritsos,2,P
862,BrinnaGallego,2,P
864,sofiologyyyy,2,P
866,LearnLoudly,1,P
867,ashleyannkolb,1,P
869,FlorinaErbeli,1,P
870,MadyGregory,1,P
875,graysonawesome,1,P
880,OlgaBodrug,1,P
881,ambrinareed,1,P
882,schlxmpedvannah,1,P
883,TexanCoach,1,P
884,Christophespx,1,P
886,jillmburkey,1,P
889,EmperorMatimus,1,P
890,AddisonBlissett,1,P
894,BrandonLookfong,1,P
896,vivianaagarza,1,P
897,dumdumdarsha,1,P
898,makaylajewell,1,P
901,CSandelOfficial,1,P
904,gullyblanchard,1,P
908,KANMRadio,1,I
909,PamelaPlotkin,1,P
911,andycartr,1,P
912,DeMauriaz,1,P
916,preswirebaugh,1,P
919,vaneTLG,1,P
921,Smooovguy,1,P
922,wdaghri,1,P
923,RGrassau,1,P
924,SirOmgmypoppit,1,P
925,TraditionsWA,1,P
926,aaligarz,1,P
927,averycaryy,1,P
930,hernameizdrea,1,P
935,ShelbyUggen,1,P
937,cosettetx,1,P
940,KinerdMccain,1,P
942,mosesgza,1,P
944,ApgarDeveloper,1,P
946,vazquezwendyy,1,P
947,lauvldz,1,P
948,caroangers,1,P
949,lermster,1,P
950,robbieguerreroo,1,P
952,itsruqaiyah,1,P
953,katninooo,1,P
954,ChillMilan,1,P
957,yikesLex,1,P
962,JoseRaulDiaz,1,P
963,kamdeanna,1,P
965,souruwu,1,P
969,kenedipope,1,P
972,markwooldrik,1,P
974,SumBumSZN,1,P
975,StacyBenge,1,P
976,CAVillavisencio,1,P
979,schnett,1,P
980,simplyysoniaa,1,P
981,lledank,1,P
982,jenniferkoneil,1,P
984,TorresKaylee,1,P
985,funtasticmath,1,P
992,maryclaireeliz,1,P
993,HowardMSknights,1,P
994,Fuzzaldrin,1,P
995,alyssamontoyaa,1,P
996,pethdoodles,1,P
997,stephanieerojas,1,P
998,MarjaMPili,1,P
1000,lilsebastiannn,1,P
1008,AndrewThomasxc,1,P
1009,arealaaa,1,P
1010,janeenkenya,1,P
1011,SaraLilNutt,1,P
1012,LinnetteRobin,1,P
1013,sydneyjoroberts,1,P
1014,ezbuckschuck,1,P
1015,supllx,1,P
1017,ZachriaNick,1,P
1018,officialabbymae,1,P
1019,DylanRGoldberg,1,P
1020,SassyKassiee,1,P
1022,nortonroyal,1,P
1023,mollydooling,1,P
1024,lordeivan,1,P
1030,HowkDavid,1,P
1032,ObiShonKenobi,1,P
1033,RachaelBeardd,1,P
1036,ughclarissa,1,P
1038,cambriaautwell,1,P
1040,mayasbap,1,P
1044,PoulomyC,1,P
1045,mscarrhasclass,1,P
1046,emilyote,1,P
1048,McKenzeeez,1,P
1049,elisechelms,1,P
1050,michellejonika,1,P
1051,kimprobablynot,1,P
1052,KailaRonayne,1,P
1053,eriickuhh,1,P
1059,IsThatTali,1,P
1061,stephatkins,1,P
1068,codydeanewing,1,P
1072,CaitlinMClark,1,P
1073,ajandclem,1,P
1074,christellharper,1,P
1075,mggPhD,1,P
1076,howdyimkrys,1,P
1077,bellagolemi,1,P
1078,thewriterflo,1,P
1081,EPECBulldogs,1,P
1085,lenamontez,1,P
1087,Lonestarfanatic,1,P
1090,JaredOliphint,1,P
1091,LawrennnW,1,P
1092,jagvocut,1,P
1093,maryrcpa,1,P
1099,alorabuzz,1,P
1101,shelbsly,1,P
1103,PaigieLy,1,P
1104,OkayButLikeWhy,1,P
1105,citizenmeagan,1,P
1106,cosmodots,1,P
1108,WynnePayton,1,P
1113,Kaitzacek,1,P
1115,karrleighh,1,P
1116,JEffeberger,1,P
1117,lacymdunn,1,P
1126,cswishr,1,P
1127,kaylaraston,1,P
1130,jeffreyworthen,1,P
1132,sunnyjwray,1,P
1135,brittlynnjenae,1,P
1137,kinsleymoore,1,P
1139,brokearrowbv,1,P
1140,jresclovon,1,P
1142,meganxgomez,1,P
1143,matthortenstine,1,P
1146,jessicakbeadle,1,P
1147,mangonotmegs,1,P
1148,InBWeTrust,1,P
1150,rnjhousewright,1,P
1151,thaisoliveroc,1,P
1153,hannahbcz,1,P
1158,ktbugmiller,1,P
1160,thegaytraveler,1,P
1164,thatssoboss,1,P
1165,RealMarcusGC,1,P
1167,BledsoeKensi,1,P
1169,ashlynflorence,1,P
1170,reallykylie,1,P
1172,BeesonBryce,1,P
1173,mattisonclayy,1,P
1175,aggibell,1,P
1177,GriffithLyndsey,1,P
1179,ameerahakhtar,1,P
1180,BohemianDeviant,1,P
1181,reginaduongg,1,P
1182,laniemancuso,1,P
1183,thisisnatan,1,P
1187,cassidybryantt,1,P
1188,marielyrebollar,1,P
1189,christyhweather,1,P
1190,MultipleMomma,1,P
1191,PadawanGary,1,P
1192,KendallNell,1,P
1195,tmweinholzer,1,P
1196,LarryVire,1,P
1197,cassmcwha,1,P
1198,jamoskadoosh,1,P
1199,KingPinson,1,P
1201,kellyeastes,1,P
1203,emelyynolazco,1,P
1204,RlexanderAachel,1,P
1205,dentoncountyags,1,P
1206,kjgreenwade,1,P
1208,ccarring,1,P
1210,TressTalley,1,P
1211,ajpoore,1,P
1212,TexasLandLender,1,P
1215,DouglasPils,1,P
1217,willbking,1,P
1218,AmaliaCochranMD,1,P
1220,jessicaNmays,1,P
1221,clairewimberly,1,P
1222,shaeblaz,1,P
1223,kurtquistador,1,P
1224,CaitShields,1,P
1227,landrickabaugh,1,P
1233,eringivilancz,1,P
1235,BaileeMarsh,1,P
1238,baileyghamilton,1,P
1240,yactx,1,P
1242,katherinepearll,1,P
1246,haleysnavv,1,P
1247,jetfornorway,1,P
1249,hollandbankston,1,P
1252,maddmins,1,P
1254,staciaarenaee,1,P
1256,emmahrice,1,P
1258,graceyogle,1,P
1259,kldkaitlyn,1,P
1260,runsinpink,1,P
1261,cheesymackk,1,P
1262,leahmalstrom,1,P
1264,KBurbules,1,P
1269,mramosr,1,P
1273,imjmrprsh,1,P
1274,HaleyyWalker,1,P
1279,SnackMerritt,1,P
1281,cheyenneshill,1,P
1284,fluterful,1,P
1288,lacielizabethhh,1,P
1289,ErinBronstad,1,P
1292,ryantmartinez,1,P
1296,TimothyCPowers,1,P
1298,danieeelgarza,1,P
1299,davidjpham,1,P
1301,unnatinarang,1,P
1305,ashleighslatt,1,P
1308,LOnyemeh,1,P
1310,ClaraWietbrock,1,P
1311,MeganDonald,1,P
1317,SmarterMost,1,P
1321,hannahkatpena,1,P
1322,baileyshayorr,1,P
1324,msclaudiaserran,1,P
1326,TaylorTulloch,1,P
1329,jenmacgraham,1,P
1330,KendallLeaaa,1,P
1331,SWhigam,1,P
1333,daniburleson,1,P
1338,HollyPaigePatt,1,P
1340,rickytikistop,1,P
1351,isdianaokay,1,P
1353,kariinacaldas,1,P
1355,jamelmelhtx,1,P
1357,AshlynnMarieee,1,P
1358,EdwardBroussard,1,P
1359,SherriRamirez,1,P
1361,brittanyygtz,1,P
1362,PaigeDowdy,1,P
1364,teemaction,1,P
1365,DOICareers,1,P
1366,CitizenHays,1,P
1367,CameronScribs,1,P
1368,huevosrancheroz,1,P
1370,spencergnauck,1,P
1371,goodedann,1,P
1372,aubreyastuart,1,P
1375,janetsvargass,1,P
1377,TheAverageBrian,1,P
1378,notminda,1,P
1379,goldenkissyz,1,P
1380,callynwalton,1,P
1381,Jayeshfaraday,1,P
1382,snowglobetay,1,P
1384,adaezemariexo,1,P
1386,deathcabforqtz,1,P
1389,xvicentegnzx,1,P
1391,Shinergaldarby,1,P
1393,prettygymcuchie,1,P
1395,slaphappymom,1,P
1396,goldenarianaa,1,P
1397,StorrarJohnPaul,1,P
1401,KingNahomie,1,P
1403,alainakings,1,P
1404,slowtotweet,1,P
1405,mikayleesupak,1,P
1406,wtrmelnsgrhigh,1,P
1408,notaveryhugs,1,P
1409,grinningxbobcat,1,P
1410,GUCCILAWD,1,P
1411,fuckbhpagain,1,P
1412,Emeelinnn,1,P
1413,muahnaat,1,P
1415,lauralizpepper,1,P
1416,clynfitzpatrick,1,P
1417,morgaanpaige,1,P
1421,pipermerritt,1,P
1424,ashlxync,1,P
1425,TheBustedFlush,1,P
1427,skbroughton,1,P
1429,lilbittyleah,1,P
1431,SchneidMommy,1,P
1432,wendyzimmerer,1,P
1437,kslepley,1,P
1438,mariaxlenaa,1,P
1441,FrankCahuasqui,1,P
1442,alliecatpopeck,1,P
1443,TheLizGonzales,1,P
1447,beckywillsftwtx,1,P
1448,kdibrom,1,P
1449,buggorlsteff,1,P
1450,bengigger,1,P
1453,mkmayner,1,P
1455,megynelizabethh,1,P
1456,amberdendy,1,P
1458,endtermino,1,P
1459,RanReeves,1,P
1461,croynewell,1,P
1462,alaysharonding,1,P
1464,Abbrewskii,1,P
1466,javajenn,1,P
1467,ShaydaNazifpour,1,P
1469,VetCompanionDVM,1,P
1470,smolka,1,P
1472,dhsscitech,1,P
1474,Klodeko,1,P
1475,soarfdn,1,P
1476,OurPetsHealth,1,P
1478,TVMA,1,P
1480,aminagemella,1,P
1483,westieholic,1,P
1484,LairmoreDVMDean,1,P
1485,zomedica,1,P
1486,SaucedoNatalie,1,P
1487,BabelBark,1,P
1489,tehallier,1,P
1492,PhoenixMercury,1,P
1493,ThatLionLady,1,P
1494,ColvardAustin,1,P
1496,drcindybarnes,1,P
1497,AAVMC,1,OI
1499,flexsizzle,1,P
1500,gucciariela,1,P
1503,dcphendrick,1,P
1504,AmieNapierMD,1,P
1505,lauratargac,1,P
1506,CarrNjc,1,P
1514,NiceIyDone,1,P
1518,antoniopcph,1,P
1520,rbkhsl,1,P
1521,elisaggonzalez,1,P
1522,Christyyyyy,1,P
1524,PiaRucinski,1,P
1526,BarrettSallee,1,P
1528,gayyylefish,1,P
1529,OneBandwagonFan,1,P
1530,bitchingwithbec,1,P
1531,DemolitionRanch,1,P
1534,eemilychaney,1,P
1535,AbbyCollida,1,P
1536,golatschen,1,P
1538,texanjumper,1,P
1541,NWSHouston,1,OI
1547,MattNesloney,1,P
1548,CostellosCosmos,1,P
1549,danielsilvertx,1,P
1550,danbechina,1,P
1552,LisaRNNRGRL,1,P
1554,cinzimmer,1,P
1560,Karecheverriaa,1,P
1561,RebWarRN,1,P
1563,Jillypoobritt,1,P
1564,SunSandSeaGurl,1,P
1565,sidelineshenan,1,P
1568,RickySealsJones,1,P
1571,LasAnyaaaa,1,P
1575,kmklawinsky,1,P
1577,ShakoryCreative,1,P
1578,wutsthesecret,1,P
1582,CandyCakesTV,1,P
1583,maryleighmeyer,1,P
1587,mvonschantz,1,P
1588,PeterHotez,1,P
1590,AldineHR,1,OI
1591,TechNinjaTodd,1,P
1592,jstenjoythslife,1,P
1593,nicolalritter,1,P
1594,rayisaacalan,1,P
1596,IndieRebel,1,P
1599,cshepperd,1,P
1600,AlvinISD,1,P
1601,StMikeBCS,1,P
1602,BrianFLeDuc,1,P
1603,BryanFD,1,P
1604,McREL,1,P
1606,eduhokom,1,P
1607,InfinityCords,1,P
1610,danacotto,1,P
1612,DeanJAlexander,1,P
1613,shannoncarrrr,1,P
1614,JScobeeRodgers,1,P
1616,peyckelm,1,P
1617,LuisPonjuanPhD,1,P
1620,madelinerwalker,1,P
1622,AbiOxley,1,P
1623,Bobbiedanielle,1,P
1625,davidfait,1,P
1627,SmithCassie,1,P
1629,BushSchool,1,OI
1632,JustCallMeKourt,1,P
1633,madiraddie,1,P
1634,tinadoanv,1,P
1635,SayvonJL,1,P
1636,karestiah,1,P
1639,thememoryworker,1,P
1640,TripleEntendre,1,P
1641,jhanviipatel,1,P
1642,JenBRochon,1,P
1643,JoeyRobots,1,P
1646,vgonlin,1,P
1648,hillaryeross,1,P
1650,FearlessMichell,1,P
1652,eeerehs,1,P
1654,carmenalisa,1,P
1658,BCAMC,1,OI
1659,lwpclothing,1,P
1662,GigemNorthgate,1,P
1668,DavidGarciaXO,1,P
1671,CoachERussell,1,P
1673,lindawanice,1,P
1676,BleacherReport,1,P
1677,JackBednarzWx,1,P
1678,Buccaneers,1,P
1679,SportsCenter,1,OI
1680,PeterBurnsESPN,1,OI
1681,TwitterSports,1,OI
1684,MrsGOchoa,1,P
1686,Ravens,1,P
1687,BarstoolBigCat,1,P
1691,OleMissSports,1,P
1693,robinahumphrey,1,P
1694,INSAINabou,1,P
1695,ReedRowdies,1,P
1696,Broncos,1,P
1697,nyjets,1,P
1699,Browns,1,P
1700,Probuckkiller,1,P
1702,TheJhamonAusbon,1,P
1703,SkullSparks,1,P
1704,giese,1,P
1707,RyanMcColley,1,P
1708,lilianveraa,1,P
1709,MsJessicaBCE,1,P
1710,reganmray,1,P
1711,OTHSeducation,1,P
1714,BrendanBartanen,1,P
1716,susangkillam,1,P
1717,tannerparkerr,1,P
1718,DrLeannSmith,1,P
1719,drmegpatterson,1,P
1720,brisamiroslava,1,P
1724,DrLizetteOjeda,1,P
1728,FCBayernUS,1,OI
1730,TimboHite,1,P
1731,BobRunsGolfs,1,P
1733,ALthekow,1,P
1734,MrPicoBoulevard,1,P
1740,MichaelWHarlan,1,P
1741,AndrewWilsonWX,1,P
1743,KafiGirl,1,P
1744,WarehouseAtCC,1,P
1748,carolinegoggans,1,P
1753,miahiill,1,P
1755,geeeooorrrgia,1,P
1756,Andrealbonilla,1,P
1758,katherynerosas,1,P
1764,tuopinionescaca,1,P
1766,ashlynnwessels,1,P
1767,AlijaSharma,1,P
1768,jasoncandy,1,P
1769,spaceymcgeek,1,P
1771,RyCRodriguez,1,P
1774,PaigeeBrowne,1,P
1776,isabelleorrtz,1,P
1778,MKronch,1,P
1782,MrScottHendrix,1,P
1784,TexAgAviator,1,P
1785,hectortuguero,1,P
1786,TwardJK,1,P
1788,addynblake,1,P
1789,Skykamm,1,P
1792,DrewDudney,1,P
1796,royboy,1,P
1797,themfweeknd,1,P
1798,ChelsPinto,1,P
1800,AmyKlink,1,P
1804,joshuajbortz,1,P
1805,rosiedwight,1,P
1807,VirtualAdamG,1,P
1810,zoeharrigan,1,P
1812,julissssssssa,1,P
1815,zoeetripp,1,P
1825,iivveeyy,1,P
1826,santiagoecab,1,P
1828,adrianahuertap,1,P
1832,DOPEitsEleg,1,P
1834,BisneyBrincess,1,P
1836,tonycrrn,1,P
1837,donowhodat,1,P
1838,BZimmerhanzel,1,P
1839,AidanSween,1,P
1840,ZandoniTweets,1,P
1846,RichOToole,1,P
1849,BonnCade,1,P
1851,Kayylagallegoos,1,P
1852,debcdube,1,P
1853,danidansher,1,P
1861,elChilenoCali,1,P
1867,AbeTooSuave,1,P
1873,alymicrod,1,P
1875,justwinph,1,P
1877,gregmillertime,1,P
1882,Wutaboutadam,1,P
1883,pkholli,1,P
1885,JeziorskiMady,1,P
1887,itsNyroc,1,P
1892,mrscourmier,1,P
1895,MMBerrey,1,P
1897,youngdonnyboy,1,P
1900,TXMedCenter,1,OI
1901,zoekampf,1,P
1902,dpiketx,1,P
1904,tedwueste,1,P
1906,hannahbeththomp,1,P
1907,KeepingUpWithQ,1,P
1908,MTarikYilmaz,1,P
1911,YoniFreedhoff,1,P
1912,NovsMo,1,P
1921,nikodaboin,1,P
1922,courtneystarky,1,P
1923,itsjustinmyrick,1,P
1924,blakehowerton,1,P
1925,bluushell,1,P
1926,NateArmendariz,1,P
1927,andievvna,1,P
1928,PeaceLoveCakes,1,P
1929,skinbymichelle,1,P
1930,YelyahPickett,1,P
1933,lizearth,1,P
1934,joeura,1,P
1937,SalArmyBCS,1,P
1938,jesspryles,1,P
1939,MeadowWoodSBISD,1,P
1940,maestermandy,1,P
1941,LanguagedorkJNS,1,P
1943,hunteratlaw,1,P
1945,slimeeeari,1,P
1947,emehlee,1,P
1948,mcwoodeshick,1,P
1949,BBQsnob,1,P
1951,joshstumblr,1,P
1952,cisnerosariana,1,P
1953,madelynphiIIips,1,P
1955,SUPERDUPERNAYA,1,P
1959,jannashepherd,1,P
1961,chloecannoteven,1,P
1962,heaaatther,1,P
1963,marcabrooke,1,P
1965,Beccasheadayy,1,P
1969,WeCameAsJanie,1,P
1970,browngrassman,1,P
1972,madabur,1,P
1977,thehomiejasso,1,P
1978,jjayceeml,1,P
1979,jdrinjak,1,P
1980,amishminny,1,P
1982,Buggaboomommy,1,P
1987,lisatinley,1,P
1988,ashleybannwart,1,P
1989,skologinczak,1,P
1994,notgreatatmath,1,P
1995,alejandracairor,1,P
1997,emmaverwin,1,P
1998,CassieGutierrez,1,P
2001,Lahgical,1,P
2005,DaOtherShip,1,P
2009,RamsNFL,1,P
2010,jenslame,1,P
2013,lizdelarosapena,1,P
2016,ashchavs,1,P
2017,AshleyLyrock,1,P
2019,deltanth,1,P
2023,chiinabllygrl,1,P
2024,bethhhopkins,1,P
2025,tonytunechii,1,P
2026,sofiaxmora,1,P
2027,thehaleighc,1,P
2029,jrdnrdmn,1,P
2030,mackenzietaylrr,1,P
2032,MrsLAinsworth,1,P
2033,fridavguzman,1,P
2036,xoxgloria,1,P
2037,AlissaBeebe,1,P
2040,liliyaks,1,P
2043,DrBenEvans,1,P
2044,maryloubliss,1,P
2047,StephEVBrown,1,P
2048,DanRodimer,1,P
2049,kristenmaraisss,1,P
2053,haileyalviso,1,P
2054,raisofsunshine,1,P
2055,alisssareneee,1,P
2056,ashelynava,1,P
2058,shaikhshack,1,P
2061,litzygrza,1,P
2062,MrsBburgsclass,1,P
2065,DaniVanHawaiian,1,P
2068,JonBumann,1,P
2069,claireekenesson,1,P
2070,MondragonRachel,1,P
2071,crystalpsmith,1,P
2072,Carlsonics,1,P
2074,GoldieStandard,1,P
2075,wpnick,1,P
2076,johnsirman,1,P
2079,rossmcmullin,1,P
2080,bsharbaugh,1,P
2081,usnews,1,OI
2083,PieperWesley,1,P
2086,mygummybearz,1,P
2087,collegemediacon,1,OI
2088,mbmarklein,1,P
2089,michaelsmartpr,1,P
2090,VLBenning,1,P
2091,OGFJ,1,OI
2092,JamesStewartNYT,1,P
2093,urielalessandro,1,P
2094,JudgeClayJ,1,P
2096,cindyfdzz,1,P
2097,FoxNews,1,OI
2098,TheLeadCNN,1,P
2100,cesmithGW,1,P
2101,biggamerjub,1,P
2102,dallasnews,1,P
2103,lahdessoo,1,P
2104,karentravers,1,P
2106,TomCeaserEZ,1,P
2107,JBVdubya,1,P
2108,jbwoodmansee,1,P
2109,KnownAsScar,1,P
2110,SondraKayWhite,1,P
2111,rogerstxlaw,1,P
2113,ambermbriggs,1,P
2115,ConstitJeff,1,P
2116,andreseder,1,P
2117,ShelbyMontana,1,P
2118,Shadowriver,1,P
2120,gradschoolmatch,1,P
2124,lauradevain,1,P
2125,BudKennedy,1,P
2126,bentoboxtexas,1,P
2128,godzillotweets,1,P
2129,juanitaproctor,1,P
2130,rfstagni,1,P
2133,JusticeWillett,1,P
2136,ouprelawsociety,1,P
2137,martzietay,1,P
2139,Repositorian,1,P
2142,texanmonalisa,1,P
2143,WallStreetAg,1,P
2144,McKfrecs,1,P
2145,aTexanAbroad,1,P
2146,MalindaNorman,1,P
2147,alicekorngold,1,P
2148,SaltLawOrg,1,P
2150,AmianneB,1,P
2151,markburge,1,P
2153,grbj,1,P
2154,jcelpub,1,P
2155,InfluentialMelo,1,P
2156,baisically,1,P
2158,NTenney,1,P
2159,ShellyGoll,1,P
2160,WaltTheMoreno,1,P
2161,AnthonyMKreis,1,P
2164,wkeithrobinson,1,P
2165,SNGSOCI,1,P
2166,Olatinwoabdulwa,1,P
2170,BrettBusby,1,P
2173,VHCInitiative,1,OI
2175,meaganelmurphy,1,P
2176,Lexkarlyssa,1,P
2178,SteveCostelloIP,1,P
2179,ClintonWoods,1,P
2181,ProfessorGriggs,1,P
2182,JohnWShawLaw,1,P
2184,mayceenorvell,1,P
2185,champrose,1,P
2187,oclack,1,P
2188,tccprelaw,1,P
2189,samonaizah,1,P
2191,kokesuthan,1,P
2194,AndrewRumbach,1,P
2196,PatriotSkyrific,1,P
2197,MarcelLeJeune,1,P
2198,ksilverkelly,1,P
2199,Ahdieology,1,P
2200,ScottKingField,1,P
2203,jamesmpuckett,1,P
2204,gracielectric,1,P
2205,JayKollsKSTP,1,P
2206,mkeneally,1,P
2207,titlelawyerjoe,1,P
2208,ShopABA,1,P
2210,maddierkleinnn,1,P
2213,SmithforJustice,1,P
2214,rkgwork,1,P
2215,TxWesCareerServ,1,OI
2217,engeehill,1,P
2219,Georgeeemery,1,P
2220,lotlzrd,1,P
2222,FWFamilyChiro,1,P
2223,ablakeyy,1,P
2225,KONSTANTLAW,1,P
2227,sphude,1,P
2228,AmberSisemore,1,P
2230,HarteResearch,1,P
2231,lindsayaellis,1,P
2232,JavelinaNation,1,P
2233,lindalemoon,1,P
2234,TarletonPrez,1,P
2236,GregWHartman,1,P
2237,miliminni,1,P
2240,Grillocracy,1,P
2241,NBBQA,1,OI
2242,EaterHouston,1,OI
2243,TEEXSafety,1,OI
2245,PVAMUresearch,1,OI
2246,OneTexasForAll,1,OI
2247,almadams,1,P
2249,NailKyle,1,P
2250,MWMillertime,1,P
2251,marielruizwx,1,P
2252,patrickrmcginty,1,P
2255,BrownGSamantha,1,P
2257,Tungwoso,1,P
2258,TXStateUnivSyst,1,P
2259,LemanHWall,1,P
2260,Mugdown,1,P
2261,CatalenaHatters,1,P
2262,LandscapeMgmt,1,P
2263,TeagueSharon,1,P
2266,gregfenves,1,P
2267,TwitterSupport,1,OI
2269,tinymwriter,1,P
2270,gdinges,1,P
2273,EcoMorphLab,1,P
2274,hannahdinhd,1,P
2275,NPR,1,OI
2276,keratx,1,P
2277,scottkoegler,1,P
2279,cbcurran,1,P
2280,fredcantu,1,P
2281,NBCNews,1,OI
2284,FastCompany,1,P
2286,latinoculture,1,P
2287,joeyguerra,1,P
2288,Krayolas,1,P
2289,christopherwynn,1,P
2292,BlinnCollege,1,P
2294,jbelasco,1,P
2295,txamiu,1,P
2299,johnwenzel,1,P
2300,erinudell,1,P
2302,agomezArt,1,P
2303,MusicRow,1,OI
2304,themusicninja,1,OI
2306,mscopas,1,P
2307,linndseybatess,1,P
2308,PriyaLArun,1,P
2309,AHappierDay,1,P
2310,stcjaguars,1,P
2311,kbkimbrel,1,P
2315,omarkhamza,1,P
2316,kyleleedixon,1,P
2317,NancyWDickey,1,P
2318,possefoundation,1,OI
2321,PSUNursing,1,OI
2322,MNieweglowski,1,P
2324,CNN,1,OI
2325,BrianLegate,1,P
2327,BrazosCountyDA,1,OI
2328,southtexasisdhp,1,OI
2330,mrssgrz,1,P
2331,Texasaliveteam,1,OI
2332,CGYjoshlewis,1,P
2333,wowtimesfour,1,P
2335,laurrenmarrie,1,P
2336,dejjjjaah,1,P
2337,taypaigeyoung,1,P
2338,MsKlohnELAR,1,P
2341,BrazosValleyEDC,1,OI
2343,urlocaldogsitta,1,P
2346,michaelwclapp,1,P
2348,miagfinch,1,P
2349,clgilcrease,1,P
2350,MedumoInc,1,P
2353,NSCsafety,1,OI
2354,MethodistHosp,1,OI
2355,mirandainez,1,P
2357,KBtx,1,OI
2362,MSCPrograms,1,OI
2363,AnnesGotClass,1,P
2364,michaelsola,1,P
2366,NIAAAnews,1,OI
2367,NORCSBIRT,1,OI
2370,statnews,1,OI
2373,xtianpauly,1,P
2375,StopTXSuicides,1,OI
2377,treystegall,1,P
2379,GraweRyan,1,P
2380,MykaelHaney,1,P
2385,txextension,1,I
2387,MikaylaChilds,1,P
2388,STHCatholic,1,OI
2391,HarrellMary,1,P
2398,ispeakforyou,1,P
2399,raydollasignn,1,P
2400,daxkies,1,P
2404,nickjthorn,1,P
2408,kayleecogbill,1,P
2409,PFF,1,OI
2411,GronesAllen,1,P
2412,HayleyWielgus,1,P
2418,qcait,1,P
2419,SEConCBS,1,P
2421,allimceach,1,P
2423,AnicetusCarba,1,P
2424,savsmindspace,1,P
2430,mxrbz,1,P
2432,chaoticfag,1,P
2434,amillllyyy,1,P
2436,KendylRickard,1,P
2437,TexasTribune,1,OI
2438,GIGIricia,1,P
2440,PesnellLily,1,P
2444,MalMuj,1,P
2445,juliosbernal,1,P
2448,itsjustdarrell,1,P
2449,JerynL,1,P
2456,AllieVollentine,1,P
2457,sunnypjain,1,P
2463,laurrennP,1,P
2465,AgsREACH,1,I
2466,hitherekerry,1,P
2467,upamast,1,P
2470,adelinevans,1,P
2472,awskiskimf,1,P
2474,McdevittMelanie,1,P
2479,Texasbirdergirl,1,P
2482,jordrogan,1,P
2484,melaniedunham,1,P
2486,OfficialAgBands,1,I
2491,cherihuddleston,1,P
2492,MrsTamiNeal,1,P
2494,kearstynwoodard,1,P
2498,MrsKampwerth,1,P
2499,tilleylcfb,1,P
2500,MeganRegister,1,P
2501,thatgueropaul,1,P
2503,Firenicz,1,P
2504,sarahlmontes,1,P
2506,melnhodges,1,P
2512,kayleidcooper,1,P
2514,cesollock,1,P
2516,jhilRL,1,P
2520,darbishaun,1,P
2521,KarasonFord,1,P
2523,ambsmannie,1,P
2525,keenanhouch,1,P
2526,TroieB,1,P
2528,KiyotsukO,1,P
2530,panchoik,1,P
2531,TheJesseHester,1,P
2535,megbmedina,1,P
2537,madisonncomeaux,1,P
2541,MrJClarkTeach,1,P
2542,MrsLMerriman,1,P
2543,davidskrovan,1,P
2545,buskeyej,1,P
2548,HazCenter,1,P
2549,jsDipper,1,P
2553,BarackObama,1,P
2555,amyeetx,1,P
2557,JoshSiepel,1,P
2561,YeyeLobet,1,P
2562,ObamaWhiteHouse,1,OI
2565,DrFKadri,1,P
2566,ShellyBrenckman,1,P
2567,Pinkxesmy,1,P
2571,rieghlynn,1,P
2576,armstrongvi,1,P
2581,MicahJGreen,1,P
2583,UTKLibraries,1,OI
2584,ConePllc,1,OI
2585,brookemillican,1,P
2586,mxruizz,1,P
2588,JohnDNesmith,1,P
2589,USCitizenairmen,1,OI
2590,EhambeDaniel,1,P
2592,JLeeMurphyESQ,1,P
2596,rsLegalRecruit,1,OI
2597,AndrewGoodwyn,1,P
2598,kvukadin,1,P
2599,BrianNewCBS,1,OI
2600,pksgve,1,P
2602,LawStreetMedia,1,OI
2603,AryalMh,1,P
2604,CharlieKolarik,1,P
2608,CLSscholarship,1,OI
2612,GIBiz,1,P
2613,gamasutra,1,P
2614,GamersElixir,1,OI
2615,developonline,1,OI
2616,EpicGames,1,OI
2617,ArtificialChris,1,P
2618,meghdeam,1,P
2621,SLaddusaw,1,P
2625,bashfulviolets,1,P
2626,ellendoe,1,P
2628,rwnkai,1,P
2634,bellakess,1,P
2635,crysfromnowhere,1,P
2636,VogtislikeVote,1,P
2638,JAYDENPEEVY,1,P
2640,NASAInterns,1,OI
2644,shelbykiiirk,1,P
2646,kellyKRCcarter,1,P
2648,ryanwainerdi,1,P
2649,OrtizKicks,1,P
2650,edmoraleswin,1,P
2651,texasbug,1,P
2661,badgalbriibriii,1,P
2663,katierosekirsch,1,P
2665,justgougler,1,P
2668,luisdsaldana,1,P
2670,schilzyy,1,P
2672,alymariegar,1,P
2677,fosterludington,1,P
2678,niksroach,1,P
2683,valeriadelagv,1,P
2684,astros,1,P
2685,RedpotBrian,1,P
2686,MikulaSam,1,P
2688,TheKellenMond,1,P
2692,raaquelmt,1,P
2695,YMarquezHCISD,1,P
2697,mcdowellmom,1,P
2698,GovAbbott,1,OI
2701,USForcesKorea,1,OI
2702,coreydeanstone,1,P
2704,RepRonnyJackson,1,P
2705,lderios,1,P
2706,TrudiGilfillian,1,P
2709,srydatwasmaren,1,P
2711,savoftherose,1,P
2712,JustinGranger,1,P
2715,MatagordaAMClub,1,OI
2720,karldubbs,1,P
2724,SJMehrtens,1,P
2727,lizuhhhbeth,1,P
2728,angepgr,1,P
2729,audreyzane,1,P
2730,broitsdiana,1,P
2734,LaurenJodry,1,P
2742,AshliiPaiige,1,P
2743,TMHayduk,1,P
2744,CoachBobStarkey,1,P
2747,BiancaaCalderon,1,P
2749,KBTXFallon,1,P
2753,ilovemeetoo,1,P
2754,mgbinkaty,1,P
2759,shankedleft,1,P
2761,remisails,1,P
2762,TheMermaidAg,1,P
2763,Guayopp,1,P
2765,judgemattwright,1,P
2767,jamesleebennett,1,P
2768,MeganMuratTV,1,OI
2771,DevinCCraig,1,P
2772,translender,1,P
2773,KHMag,1,P
2775,bbrendabd,1,P
2778,IamTozzy,1,P
2780,dtadamstx,1,P
2783,Alynneatesk,1,P
2787,HebertRebekah,1,P
2789,KBTXMax,1,P
2790,tkwos,1,P
2793,jennntorrres,1,P
2795,claudiastfuuu,1,P
2796,cheniosa,1,P
2797,gabyamata,1,P
2799,salinaslyulisa,1,P
2801,MalloryFondren,1,P
2802,yagirlvii,1,P
2804,CardinalDeVille,1,P
2805,raanndiiii,1,P
2807,calumariah,1,P
2808,qtiffanyn,1,P
2811,budgetdollyp,1,P
2815,GrangerSmith,1,P
2822,MaliaAvery,1,P
2823,rektdad,1,P
2824,PaigeyDeee,1,P
2827,ciaradcollins,1,P
2829,ChadHaga,1,P
2830,williamelizndo,1,P
2831,kaityalexar,1,P
2832,TwWhitesell,1,P
2834,mariaparkison,1,P
2835,loganbosttt,1,P
2838,LeslieeRosiee,1,P
2840,MegynSchweitzer,1,P
2845,JoshZampich,1,P
2846,mxrisolh,1,P
2848,oopsietaysie,1,P
2849,demilydays,1,P
2850,LPilgreen,1,P
2851,yoitsaIicia,1,P
2852,rexeudank,1,P
2853,crmatlock,1,P
2854,LysseGarnica,1,P
2856,sethlhamilton,1,P
2858,TheDakotaTrash,1,P
2861,JennThibeaux,1,P
2867,ColbyKahla,1,P
2868,JazminSunshine,1,P
2870,devintylerjones,1,P
2871,amarettosmiles,1,P
2872,islandsmoore,1,P
2874,RamonaRanae,1,P
2875,saraahhleeann,1,P
2876,MentServices,1,P
2877,ExclusivelyWZee,1,P
2879,genesishhhh,1,P
2880,RaneyForTexas,1,P
2884,TiffanyEaster,1,P
2885,ZackCochranTX,1,P
2890,jasoncalanog,1,P
2892,claudsauceda,1,P
2895,kyleauxren,1,P
2899,morrisonelacafe,1,P
2901,sarahcirildont,1,P
2902,MykaylaCheyenne,1,P
2903,JeffBickerstaff,1,P
2907,GujralAditya,1,P
2909,NerrenCindy,1,P
2911,OtaroAlaka,1,P
2915,tejalbhakta,1,P
2918,Grannnyfrannny,1,P
2919,FinallyDrJones,1,P
2921,grantshamblin,1,P
2923,JamilBrownII,1,P
2925,oliviamayann,1,P
2927,CorbinThread,1,P
2929,gabbyuriegas,1,P
2931,kleeblasko,1,P
2932,ChristiRedfearn,1,P
2933,MGHaverland,1,P
2934,kristaihle,1,P
2942,yariyariyay,1,P
2944,rachcrutchfield,1,P
2946,DerozansAreRed,1,P
2947,ErinRineheart,1,P
2948,lindsaystadter,1,P
2949,SCPerkinsWriter,1,P
2955,RealCastrooo,1,P
2958,LegendaryLerma,1,P
2961,dmaddron,1,P
2962,jacyxxbeam,1,P
2965,suzulaird,1,P
2970,notafenton,1,P
2971,sagetweeting,1,P
2972,GusElEstrangero,1,P
2973,marieIcuh,1,P
2978,LucBYE,1,P
2982,faulkenbery,1,P
2988,THEAlexisCarr,1,P
2989,AAzizEzzat,1,P
2990,Poorlonghorns,1,P
2995,JewishHoneybun,1,P
2999,svmprice,1,P
3002,NotEdgarRivera,1,P
3004,analisaochoaa,1,P
3006,mirandadene,1,P
3009,pinkysaurusrawr,1,P
3010,KylerJoe,1,P
3012,rickyyycan,1,P
3013,carsongrett,1,P
3016,StartupGrindBCS,1,P
3020,theterijade,1,P
3022,listennlinda,1,P
3023,GembaGirl,1,P
3025,MVPenergy,1,P
3029,JBoulli,1,P
3030,RichardPearson,1,P
3031,caitsummertime,1,P
3032,WinterPollan,1,P
3034,LindaDiAli,1,P
3035,nwtnchrist,1,P
3039,OldArmyFight,1,P
3040,whomstvere,1,P
3041,JohnPugliese,1,P
3042,legallybeyond,1,P
3046,AlliBelton,1,P
3055,parrislarkin,1,P
3058,anabelmatchett,1,P
3059,chloefletes,1,P
3061,coleighsavannah,1,P
3062,vlonealexiis,1,P
3065,sproba,1,P
3067,bitchtoad,1,P
3069,ryleypriddy,1,P
3070,ryankeszeg,1,P
3075,cailynnruth,1,P
3077,sillohsllim,1,P
3078,atopgreeneshill,1,P
3079,BrianDaWheelman,1,P
3080,amandasyikes,1,P
3084,karleighhesser,1,P
3085,MarlissaBadillo,1,P
3087,pjxck,1,P
3092,gwnerdy,1,P
3093,MicaelaElise,1,P
3094,victoriaduenas,1,P
3101,KAMUTVFM,1,I
3103,nasdewno,1,P
3105,Ekalmurzaeva,1,P
3108,GoPeaceCorps,1,OI
3109,Jamieeeamanda,1,P
3111,TheArnoldPerez,1,P
3112,biancarenaelim,1,P
3113,ttinanguyen,1,P
3114,princofwakanda,1,P
3115,mgmcburnett,1,P
3116,cornhuskersbabe,1,P
3117,SoyBanana,1,P
3122,TheScottForbes,1,P
3123,TerminalADD,1,P
3124,incogmanfred,1,P
3127,kyleaking,1,P
3128,BrockMMurphy,1,P
3129,SassySheeler,1,P
3138,lexiluvscookies,1,P
3142,WaldropNoah,1,P
3143,TayWismer,1,P
3144,khiaraestradaa,1,P
3145,TabithaKnaggs,1,P
3146,jrobincs,1,P
3148,FaltadefeKaren,1,P
3150,jdruebert,1,P
3152,HannaHausman,1,P
3159,maditelschow,1,P
3160,KyleTheCarMan,1,P
3166,breesepls,1,P
3167,MrsHuttoDES,1,P
3168,kendalltoupis,1,P
3173,laurenkitto,1,P
3180,OhBelllla,1,P
3182,TKDyenson,1,P
3189,blakeeroderick,1,P
3193,DaeshonHall,1,P
3195,BradleyJDiggins,1,P
3196,entirelyeva,1,P
3199,joshfoxfuller,1,P
3202,DarlaKWilliams,1,P
3203,cristinaxmendoz,1,P
3205,HasanIsSmrt,1,P
3206,iRahulRana,1,P
3208,racmoreau,1,P
3211,TexAgs,1,I
3212,ronessamcdonald,1,P
3213,thedixiechicken,1,OI
3215,AlxssaSaenz,1,P
3216,simiannette,1,P
3218,Spoontle,1,P
3219,floweryfinley,1,P
3221,NotTheDrink,1,P
3222,Kokochamama,1,P
3223,annahyphenlisa,1,P
3225,CLynnYoung,1,P
3227,demileenavarro,1,P
3228,hollahannahhh,1,P
3229,ktbernhardt,1,P
3233,GunnerBoler,1,P
3234,AuthenticallyTJ,1,P
3238,sotobabyyy,1,P
3239,AlexDamnBecerra,1,P
3243,BryannaArlene,1,P
3246,andrewchristjoy,1,P
3247,CHRISTYKAYYYY,1,P
3250,haillllss,1,P
3251,HelseyKelt,1,P
3252,MsWilkinsMV,1,P
3253,nelsonaddison,1,P
3254,TheRowlesRoyce,1,P
3257,FainWill,1,P
3263,StacyRRTX,1,P
3266,chasellane,1,P
3268,Kaitlyncov,1,P
3269,DunyoWin,1,P
3271,yellforcasey,1,P
3274,tatianancastro,1,P
3275,HarleaHoelscher,1,P
3277,mgermainemath,1,P
3278,KBTXMia,1,P
3279,sgzandstra,1,P
3280,clydeechols,1,P
3281,ShelbsFerguson,1,P
3283,smvaldezv,1,P
3284,AKTexAg,1,P
3286,ClaytonGardner,1,P
3287,KendyllTaylorrr,1,P
3293,frannypackpaige,1,P
3297,merganfm,1,P
3298,GregSankey,1,P
3300,ttotallytorii,1,P
3305,imtinymiiike,1,P
3314,BaileyLogan,1,P
3316,AntoinemarcMarc,1,P
3317,tanaybernard,1,P
3318,KJLackey,1,P
3319,SNAGonzalez,1,P
3324,TxAgLawGuy,1,P
3327,RQworld,1,P
3328,yellowandgolden,1,P
